Shipment_ID,PO_Line_ID,Dispatch_Date,Actual_Delivery_Date,Origin_City,Destination_Warehouse_ID,Transport_Mode,Carrier_ID,Distance_KM,Freight_Cost_INR,Shipment_Status
SHP000001,POL000001,2025-01-24,2025-02-03,Vadodara,WH004,Air,CAR06,1343,"?36,149.03",Delivered
SHP000002,POL000002,2025-01-21,2025-01-30,Vadodara,WH004,Road,CAR04,1343,"?10,337.46",Delivered
SHP000003,POL000003,2025-01-28,2025-02-06,Rajkot,WH004,Rail,CAR03,1489,"?6,951.42",Delivered
SHP000004,POL000004,2025-01-27,2025-02-06,Rajkot,WH004,Road,CAR08,1489,"?9,538.08",Delivered
SHP000005,POL000005,2025-01-25,2025-02-02,Noida,WH002,Road,CAR04,1353,"?16,213.23",Delivered
SHP000006,POL000006,2025-01-26,2025-01-25,Noida,WH002,Rail,CAR07,1353,"?9,679.99",Delivered
SHP000007,POL000007,2025-01-26,2025-02-01,Noida,WH002,Road,CAR06,1353,"?18,509.82",Delivered
SHP000008,POL000008,2025-01-24,2025-01-30,Noida,WH002,Road,CAR02,1353,?900.00,Delivered
SHP000009,POL000009,2025-01-22,2025-01-31,Mumbai,WH001,Rail,CAR08,601,"?5,140.41",Delivered
SHP000010,POL000010,2025-01-23,2025-01-29,Mumbai,WH001,Road,CAR06,601,"?1,949.73",Delivered
SHP000011,POL000011,2025-01-21,2025-01-26,Mumbai,WH001,Rail,CAR08,601,?907.24,Delivered
SHP000012,POL000012,2025-01-22,2025-01-27,Mumbai,WH001,Road,CAR08,601,"?1,569.02",Delivered
SHP000013,POL000013,2025-01-18,2025-01-21,Gurugram,WH010,Road,CAR03,502,"?17,131.56",Delivered
SHP000014,POL000014,2025-01-18,2025-01-22,Gurugram,WH010,Road,CAR05,502,"?11,296.10",Delivered
SHP000015,POL000015,2025-01-22,2025-01-29,Ludhiana,WH008,Air,CAR06,1641,"?17,864.58",Delivered
SHP000016,POL000016,2025-01-20,2025-02-01,Ludhiana,WH008,Rail,CAR08,1641,"?1,116.54",Delivered
SHP000017,POL000017,2025-01-22,2025-01-28,Ludhiana,WH008,Rail,CAR07,1641,"?2,325.23",Delivered
SHP000018,POL000018,2025-01-23,2025-01-25,Ludhiana,WH008,Rail,CAR08,1641,"?24,308.00",Delivered
SHP000019,POL000019,2025-01-04,2025-01-17,Vadodara,WH006,Road,CAR04,1499,"?12,791.45",Delivered
SHP000020,POL000020,2025-01-06,2025-01-14,Vadodara,WH006,Air,CAR06,1499,"?5,198.68",Delivered
SHP000021,POL000021,2025-01-04,2025-01-10,Vadodara,WH006,Air,CAR06,1499,"?65,028.62",Delivered
SHP000022,POL000022,2025-01-28,2025-02-04,Gurugram,WH010,Road,CAR03,502,"?6,204.57",Delivered
SHP000023,POL000023,2025-01-27,2025-02-03,Gurugram,WH010,Road,CAR08,502,"?2,689.55",Delivered
SHP000024,POL000024,2025-01-29,2025-02-06,Gurugram,WH010,Road,CAR04,502,"?6,566.60",Delivered
SHP000025,POL000025,2025-01-09,2025-01-17,Bhopal,WH008,Road,CAR02,759,"?11,972.83",Delivered
SHP000026,POL000026,2025-01-11,2025-01-17,Bhopal,WH008,Road,CAR04,759,"?10,158.34",Delivered
SHP000027,POL000027,2025-01-25,2025-02-01,Jaipur,WH002,Road,CAR04,1086,"?7,057.16",Delivered
SHP000028,POL000028,2025-01-25,2025-02-05,Jaipur,WH002,Air,CAR06,1086,"?56,556.51",Delivered
SHP000029,POL000029,2025-01-29,2025-02-10,Pune,WH001,ROAD,CAR03,603,"?6,126.87",Delivered
SHP000030,POL000030,2025-01-29,2025-02-04,Pune,WH001,Road,CAR03,603,"?7,839.89",Delivered
SHP000031,POL000031,2025-01-15,2025-01-26,Surat,WH002,Road,CAR03,274,"?1,746.23",Delivered
SHP000032,POL000032,2025-01-17,2025-01-19,Surat,WH002,Road,CAR04,274,"?1,453.20",Delivered
SHP000033,POL000033,2025-01-19,2025-01-27,Mumbai,WH010,Road,CAR02,1409,"?10,338.57",Delivered
SHP000034,POL000034,2025-01-20,2025-01-26,Mumbai,WH010,Air,CAR06,1409,"?22,796.81",Delivered
SHP000035,POL000035,2025-01-20,2025-01-28,Mumbai,WH010,ROAD,CAR06,1409,"?49,633.52",Delivered
SHP000036,POL000036,2025-01-19,2025-01-29,Ahmedabad,WH010,Road,CAR03,1115,"?6,343.40",Delivered
SHP000037,POL000037,2025-01-18,2025-01-25,Ahmedabad,WH010,Rail,CAR03,1115,"?9,201.16",Delivered
SHP000038,POL000038,2025-01-20,2025-01-26,Ahmedabad,WH010,Road,CAR04,1115,"?16,070.64",Delivered
SHP000039,POL000039,2025-01-18,2025-02-02,Ahmedabad,WH010,Air,CAR01,1115,"?18,778.29",Delivered
SHP000040,POL000040,2025-01-09,2025-01-12,Rajkot,WH007,Air,CAR01,2128,"?80,089.07",Delivered
SHP000041,POL000041,2025-01-08,2025-01-18,Rajkot,WH007,Road,CAR08,2128,"?20,161.08",Delivered
SHP000042,POL000042,2025-01-10,2025-01-20,Rajkot,WH007,Air,CAR06,2128,"?169,604.94",Delivered
SHP000043,POL000043,2025-01-17,2025-01-23,Jaipur,WH004,Road,CAR03,1842,"?5,146.24",Delivered
SHP000044,POL000044,2025-01-14,2025-01-21,Jaipur,WH004,Rail,CAR07,1842,"?24,913.80",Delivered
SHP000045,POL000045,2025-01-14,2025-01-25,Jaipur,WH004,Rail,CAR07,1842,?900.00,Delivered
SHP000046,POL000046,2025-01-15,2025-01-31,Jaipur,WH004,Road,CAR02,1842,"?34,247.50",Delivered
SHP000047,POL000047,2025-01-20,2025-02-02,Kochi,WH009,Road,CAR02,1779,"?29,427.36",Delivered
SHP000048,POL000048,2025-01-20,2025-01-25,Kochi,WH009,Rail,CAR08,1779,"?28,415.04",Delivered
SHP000049,POL000049,2025-01-17,2025-01-26,Kochi,WH009,Air,CAR01,1779,"?20,611.92",Delivered
SHP000050,POL000050,2025-01-25,2025-02-05,Gurugram,WH010,Road,CAR03,502,"?1,884.98",Delivered
SHP000051,POL000051,2025-01-28,2025-02-04,Gurugram,WH010,Road,CAR05,502,?900.00,Delivered
SHP000052,POL000052,2025-01-23,2025-01-29,Coimbatore,WH003,Rail,CAR07,2309,"?24,533.36",Delivered
SHP000053,POL000053,2025-01-22,2025-02-02,Coimbatore,WH003,Air,CAR01,2309,"?35,096.62",Delivered
SHP000054,POL000054,2025-01-03,2025-01-08,Rajkot,WH003,Road,CAR06,1122,?900.00,Delivered
SHP000055,POL000055,2025-01-04,2025-01-15,Rajkot,WH003,Rail,CAR08,1122,"?11,198.84",Delivered
SHP000056,POL000056,2025-01-04,2025-01-10,Rajkot,WH003,AIR,CAR06,1122,"?14,508.04",Delivered
SHP000057,POL000057,2025-01-05,2025-01-10,Rajkot,WH003,Road,CAR02,1122,"?15,012.36",Delivered
SHP000058,POL000058,2025-01-27,2025-01-31,Delhi,WH004,Rail,CAR07,2052,"?12,625.86",Delivered
SHP000059,POL000059,2025-01-26,2025-01-31,Delhi,WH004,Road,CAR02,2052,"?17,867.67",Delivered
SHP000060,POL000060,2025-01-29,2025-02-01,Delhi,WH004,Rail,CAR03,2052,"?3,511.19",Delivered
SHP000061,POL000061,2025-01-28,2025-02-07,Delhi,WH004,Road,CAR02,2052,"?6,937.81",delivered
SHP000062,POL000062,2025-01-11,2025-01-14,Noida,WH005,Road,CAR08,1469,"?22,961.39",Delivered
SHP000063,POL000063,2025-01-08,2025-01-14,Noida,WH005,Rail,CAR07,1469,"?7,159.06",Delivered
SHP000064,POL000064,2025-01-16,2025-01-25,Delhi,WH005,Road,CAR08,1481,"?3,172.09",Delivered
SHP000065,POL000065,2025-01-17,2025-01-22,Delhi,WH005,Air,CAR06,1481,"?39,903.83",Delivered
SHP000066,POL000066,2025-01-17,2025-02-01,Delhi,WH005,Rail,CAR07,1481,?990.97,Delivered
SHP000067,POL000067,2025-01-13,2025-01-13,Surat,WH004,Road,CAR02,1230,"?7,129.08",Delivered
SHP000068,POL000068,2025-01-11,2025-01-17,Surat,WH004,Road,CAR05,1230,"?35,841.65",Delivered
SHP000069,POL000069,2025-01-24,2025-01-29,Ahmedabad,WH004,Road,CAR06,1459,"?70,011.13",Delivered
SHP000070,POL000070,2025-01-24,2025-02-05,Ahmedabad,WH004,Road,CAR05,1459,"?38,525.16",Delivered
SHP000071,POL000071,2025-01-24,2025-02-01,Ahmedabad,WH004,Rail,CAR03,1459,"?11,217.45",Delivered
SHP000072,POL000072,2025-01-24,2025-02-01,Ahmedabad,WH004,Rail,CAR07,1459,"?8,228.61",Delivered
SHP000073,POL000073,2025-01-06,2025-01-10,Mumbai,WH002,Road,CAR03,80,?900.00,Delivered
SHP000074,POL000074,2025-01-04,2025-01-16,Mumbai,WH002,Road,CAR08,80,"?1,198.64",Delivered
SHP000075,POL000075,2025-01-08,2025-01-16,Gurugram,WH003,Road,CAR03,80,?900.00,Delivered
SHP000076,POL000076,2025-01-08,2025-01-15,Gurugram,WH003,Road,CAR08,80,?900.00,Delivered
SHP000077,POL000077,2025-01-05,2025-01-10,Gurugram,WH003,Road,CAR05,80,?900.00,Delivered
SHP000078,POL000078,2025-01-26,2025-01-31,Hyderabad,WH008,Road,CAR04,596,"?3,092.75",Delivered
SHP000079,POL000079,2025-01-25,2025-01-29,Hyderabad,WH008,Road,CAR06,596,"?2,327.68",Delivered
SHP000080,POL000080,2025-01-27,2025-02-03,Hyderabad,WH008,Road,CAR05,596,"?7,736.79",Delivered
SHP000081,POL000081,2025-01-24,2025-02-01,Ahmedabad,WH002,Road,CAR03,519,"?3,829.47",Delivered
SHP000082,POL000082,2025-01-24,2025-02-15,Ahmedabad,WH002,Road,CAR08,519,"?6,674.11",Delivered
SHP000083,POL000083,2025-01-25,2025-02-06,Ahmedabad,WH002,Road,CAR02,519,?995.48,Delivered
SHP000084,POL000084,2025-01-27,2025-01-30,Ahmedabad,WH002,Road,CAR03,519,"?18,637.66",Delivered
SHP000085,POL000085,2025-01-17,2025-01-23,Bengaluru,WH007,Road,CAR02,1841,"?23,501.47",Delivered
SHP000086,POL000086,2025-01-18,2025-01-28,Bengaluru,WH007,Road,CAR02,1841,"?25,980.19",Delivered
SHP000087,POL000087,2025-01-19,2025-02-02,Bengaluru,WH007,Road,CAR04,1841,"?41,290.27",Delivered
SHP000088,POL000088,2025-01-16,2025-01-23,Bengaluru,WH007,Road,CAR08,1841,"?3,557.03",Delivered
SHP000089,POL000089,2025-01-20,2025-01-29,Rajkot,WH002,Road,CAR08,494,"?2,068.51",Delivered
SHP000090,POL000090,2025-01-19,2025-01-29,Rajkot,WH002,Road,CAR05,494,"?2,430.54",Delivered
SHP000091,POL000091,2025-01-21,2025-01-29,Ahmedabad,WH009,Road,CAR06,80,?900.00,Delivered
SHP000092,POL000092,2025-01-22,2025-01-30,Ahmedabad,WH009,Road,CAR04,80,"?1,269.61",Delivered
SHP000093,POL000093,2025-01-21,2025-01-30,Ahmedabad,WH009,Road,CAR08,80,"?1,671.74",Delivered
SHP000094,POL000094,2025-01-22,2025-01-25,Ahmedabad,WH009,Rail,CAR03,80,?900.00,Delivered
SHP000095,POL000095,2025-01-12,2025-01-26,Ahmedabad,WH008,Road,CAR04,611,"?6,244.53",Delivered
SHP000096,POL000096,2025-01-10,2025-01-21,Ahmedabad,WH008,Air,CAR06,611,"?50,645.33",Delivered
SHP000097,POL000097,2025-01-28,2025-02-12,Kochi,WH002,Road,CAR05,1274,"?34,229.12",Delivered
SHP000098,POL000098,2025-01-26,2025-02-07,Kochi,WH002,Rail,CAR03,1274,?991.35,Delivered
SHP000099,POL000099,2025-01-12,2025-01-22,Indore,WH009,Road,CAR03,399,"?5,858.58",Delivered
SHP000100,POL000100,2025-01-11,2025-01-16,Indore,WH009,Road,CAR02,399,"?3,077.58",Delivered
SHP000101,POL000101,2025-01-24,2025-01-29,Noida,WH001,Air,CAR01,784,"?26,015.90",Delivered
SHP000102,POL000102,2025-01-24,2025-02-05,Noida,WH001,Air,CAR06,784,"?31,464.58",Delivered
SHP000103,POL000103,2025-01-24,2025-01-31,Vadodara,WH006,Road,CAR02,1499,"?7,401.52",Delivered
SHP000104,POL000104,2025-01-24,2025-01-31,Vadodara,WH006,Road,CAR04,1499,"?22,087.77",Delivered
SHP000105,POL000105,2025-01-24,2025-01-31,Vadodara,WH006,Air,CAR01,1499,"?42,600.26",Delivered
SHP000106,POL000106,2025-01-23,2025-01-29,Vadodara,WH006,Rail,CAR08,1499,"?10,184.09",Delivered
SHP000107,POL000107,2025-01-20,2025-01-27,Coimbatore,WH006,Road,CAR05,504,?900.00,Delivered
SHP000108,POL000108,2025-01-20,2025-01-25,Coimbatore,WH006,Road,CAR06,504,?900.00,Delivered
SHP000109,POL000109,2025-01-12,2025-01-17,Indore,WH007,Rail,CAR08,1514,"?11,898.22",Delivered
SHP000110,POL000110,2025-01-09,2025-01-11,Indore,WH007,Road,CAR06,1514,"?47,898.29",Delivered
SHP000111,POL000111,2025-01-12,2025-01-19,Indore,WH007,Road,CAR03,1514,"?3,052.22",Delivered
SHP000112,POL000112,2025-01-26,2025-02-03,Kochi,WH004,Road,CAR04,433,"?1,059.35",Delivered
SHP000113,POL000113,2025-01-24,2025-01-30,Kochi,WH004,Road,CAR05,433,?900.00,Delivered
SHP000114,POL000114,2025-01-27,2025-02-08,Kochi,WH004,Road,CAR05,433,?900.00,Delivered
SHP000115,POL000115,2025-02-08,2025-02-09,Surat,WH005,Rail,CAR07,858,"?10,249.18",Delivered
SHP000116,POL000116,2025-02-07,2025-02-08,Surat,WH005,Road,CAR04,858,"?5,350.94",Delivered
SHP000117,POL000117,2025-02-08,2025-02-13,Surat,WH005,Air,CAR06,858,"?99,354.06",Delivered
SHP000118,POL000118,2025-02-21,2025-02-23,Ahmedabad,WH002,Road,CAR05,519,"?2,571.03",Delivered
SHP000119,POL000119,2025-02-19,2025-02-24,Ahmedabad,WH002,Air,CAR06,519,"?11,032.72",Delivered
SHP000120,POL000120,2025-02-21,2025-03-07,Ahmedabad,WH002,Road,CAR02,519,"?6,454.39",Delivered
SHP000121,POL000121,2025-02-21,2025-03-07,Ahmedabad,WH002,Road,CAR06,519,"?4,898.99",Delivered
SHP000122,POL000122,2025-02-06,2025-02-18,Vadodara,WH007,Air,CAR06,1840,"?63,677.04",Delivered
SHP000123,POL000123,2025-02-08,2025-02-15,Vadodara,WH007,Road,CAR05,1840,"?4,162.31",Delivered
SHP000124,POL000124,2025-02-22,2025-02-25,Surat,WH006,Rail,CAR03,1412,"?13,036.63",Delivered
SHP000125,POL000125,2025-02-23,2025-02-25,Surat,WH006,Road,CAR04,1412,"?11,207.79",Delivered
SHP000126,POL000126,2025-02-22,2025-03-04,Surat,WH006,Rail,CAR07,1412,"?4,572.45",Delivered
SHP000127,POL000127,2025-02-06,2025-02-10,Bhopal,WH002,Road,CAR02,780,"?2,077.92",Delivered
SHP000128,POL000128,2025-02-06,2025-02-17,Bhopal,WH002,Road,CAR08,780,"?34,047.45",Delivered
SHP000129,POL000129,2025-02-03,2025-02-12,Indore,WH008,Rail,CAR03,603,"?7,964.93",Delivered
SHP000130,POL000130,2025-02-02,2025-02-10,Indore,WH008,ROAD,CAR05,603,"?1,804.30",Delivered
SHP000131,POL000131,2025-02-05,2025-02-15,Indore,WH008,Air,CAR01,603,"?9,278.54",Delivered
SHP000132,POL000132,2025-02-05,2025-02-11,Indore,WH008,Air,CAR01,603,"?5,685.33",Delivered
SHP000133,POL000133,2025-02-03,,Surat,WH006,Rail,CAR08,1412,?0.00,Cancelled
SHP000134,POL000134,2025-02-06,2025-02-13,Surat,WH006,Road,CAR06,1412,"?18,483.06",Delivered
SHP000135,POL000135,2025-02-19,2025-02-27,Bengaluru,WH009,Rail,CAR03,1459,"?27,274.16",Delivered
SHP000136,POL000136,2025-02-22,2025-03-10,Bengaluru,WH009,Road,CAR05,1459,"?25,741.47",Delivered
SHP000137,POL000137,2025-02-21,2025-02-26,Bengaluru,WH009,Road,CAR08,1459,"?20,807.38",Delivered
SHP000138,POL000138,2025-02-20,2025-03-03,Bengaluru,WH009,Air,CAR01,1459,"?157,972.23",Delivered
SHP000139,POL000139,2025-02-11,2025-02-16,Kochi,WH005,Air,CAR01,1018,?900.00,Delivered
SHP000140,POL000140,2025-02-11,2025-02-14,Kochi,WH005,Road,CAR04,1018,"?2,445.64",Delivered
SHP000141,POL000141,2025-02-17,2025-03-01,Coimbatore,WH003,Air,CAR01,2309,"?238,873.44",Delivered
SHP000142,POL000142,2025-02-18,2025-02-22,Coimbatore,WH003,Road,CAR08,2309,"?10,189.34",Delivered
SHP000143,POL000143,2025-02-19,2025-02-25,Coimbatore,WH003,Air,CAR01,2309,"?206,321.66",Delivered
SHP000144,POL000144,2025-02-20,2025-02-27,Coimbatore,WH003,Air,CAR06,2309,"?53,116.98",Delivered
SHP000145,POL000145,2025-02-10,2025-02-20,Indore,WH004,Road,CAR03,1297,"?14,711.64",Delivered
SHP000146,POL000146,2025-02-09,2025-02-21,Indore,WH004,Road,CAR02,1297,"?22,903.98",Delivered
SHP000147,POL000147,2025-02-17,2025-02-16,Noida,WH007,Rail,CAR07,1515,"?10,111.13",Delivered
SHP000148,POL000148,2025-02-16,2025-02-17,Noida,WH007,Road,CAR06,1515,"?24,246.91",Delivered
SHP000149,POL000149,2025-02-04,,Indore,WH006,Road,CAR08,1378,?0.00,Cancelled
SHP000150,POL000150,2025-02-06,2025-02-21,Indore,WH006,Air,CAR06,1378,"?9,108.03",Delivered
SHP000151,POL000151,2025-02-07,2025-02-10,Indore,WH006,Road,CAR06,1378,"?6,013.08",Delivered
SHP000152,POL000152,2025-02-15,2025-02-20,Delhi,WH001,Air,CAR06,789,"?12,731.06",Delivered
SHP000153,POL000153,2025-02-17,2025-02-26,Delhi,WH001,Road,CAR05,789,"?16,328.03",Delivered
SHP000154,POL000154,2025-02-11,2025-02-20,Rajkot,WH006,Air,CAR01,1691,"?63,600.20",Delivered
SHP000155,POL000155,2025-02-11,2025-02-17,Rajkot,WH006,Road,CAR02,1691,?900.00,Delivered
SHP000156,POL000156,2025-02-10,2025-02-18,Rajkot,WH006,Road,CAR02,1691,"?2,374.16",Delivered
SHP000157,POL000157,2025-02-20,2025-03-08,Coimbatore,WH003,Rail,CAR07,2309,"?31,332.56",Delivered
SHP000158,POL000158,2025-02-19,2025-03-01,Coimbatore,WH003,Road,CAR08,2309,"?14,714.94",Delivered
SHP000159,POL000159,2025-02-20,2025-02-24,Coimbatore,WH003,Road,CAR03,2309,"?13,679.68",Delivered
SHP000160,POL000160,2025-02-22,2025-02-26,Coimbatore,WH009,Road,CAR02,1668,"?5,082.66",Delivered
SHP000161,POL000161,2025-02-24,2025-03-06,Coimbatore,WH009,Road,CAR02,1668,"?6,645.51",Delivered
SHP000162,POL000162,2025-02-23,2025-02-26,Coimbatore,WH009,Road,CAR04,1668,"?11,244.83",Delivered
SHP000163,POL000163,2025-02-24,2025-03-05,Ahmedabad,WH005,Road,CAR04,1037,"?27,700.94",Delivered
SHP000164,POL000164,2025-02-21,2025-02-28,Ahmedabad,WH005,Road,CAR03,1037,"?28,778.49",Delivered
SHP000165,POL000165,2025-02-24,2025-02-25,Ahmedabad,WH005,Road,CAR05,1037,"?14,535.67",Delivered
SHP000166,POL000166,2025-02-18,2025-03-04,Indore,WH008,Road,CAR06,603,"?1,267.89",Delivered
SHP000167,POL000167,2025-02-18,2025-02-26,Indore,WH008,Road,CAR05,603,?900.00,Delivered
SHP000168,POL000168,2025-02-23,2025-03-05,Indore,WH003,Road,CAR04,789,"?4,309.89",Delivered
SHP000169,POL000169,2025-02-22,2025-03-06,Indore,WH003,Road,CAR03,789,"?2,760.23",Delivered
SHP000170,POL000170,2025-02-18,2025-02-22,Delhi,WH004,Air,CAR01,2052,"?60,063.48",Delivered
SHP000171,POL000171,2025-02-17,2025-02-26,Delhi,WH004,Road,CAR06,2052,"?26,672.64",Delivered
SHP000172,POL000172,2025-02-25,2025-02-26,Kolkata,WH010,Road,CAR02,1046,"?3,415.15",Delivered
SHP000173,POL000173,2025-02-25,2025-03-03,Kolkata,WH010,Rail,CAR08,1046,"?4,164.75",Delivered
SHP000174,POL000174,2025-02-22,2025-02-22,Lucknow,WH008,Road,CAR02,1388,"?32,786.84",Delivered
SHP000175,POL000175,2025-02-22,2025-02-28,Lucknow,WH008,Rail,CAR08,1388,"?6,777.76",Delivered
SHP000176,POL000176,2025-02-20,2025-03-05,Lucknow,WH008,Road,CAR05,1388,"?10,637.59",Delivered
SHP000177,POL000177,2025-02-26,2025-03-01,Kochi,WH005,Road,CAR03,1018,"?3,400.70",Delivered
SHP000178,POL000178,2025-02-24,2025-03-06,Kochi,WH005,Rail,CAR07,1018,?900.00,Delivered
SHP000179,POL000179,2025-02-24,2025-02-26,Kochi,WH005,Road,CAR02,1018,"?4,594.56",Delivered
SHP000180,POL000180,2025-02-07,2025-02-18,Chennai,WH008,Air,CAR01,1078,"?31,490.36",Delivered
SHP000181,POL000181,2025-02-05,2025-02-21,Chennai,WH008,Road,CAR04,1078,"?1,439.12",Delivered
SHP000182,POL000182,2025-02-13,2025-02-18,Hyderabad,WH008,Road,CAR02,596,?900.00,Delivered
SHP000183,POL000183,2025-02-13,2025-02-24,Hyderabad,WH008,Road,CAR03,596,"?3,116.03",Delivered
SHP000184,POL000184,2025-02-28,2025-03-08,Lucknow,WH007,Road,CAR08,1046,"?6,691.77",Delivered
SHP000185,POL000185,2025-02-27,2025-03-06,Lucknow,WH007,Road,CAR05,1046,"?3,373.17",Delivered
SHP000186,POL000186,2025-02-27,2025-03-12,Lucknow,WH007,Road,CAR03,1046,"?4,144.93",Delivered
SHP000187,POL000187,2025-02-26,2025-03-10,Lucknow,WH007,Rail,CAR03,1046,"?6,681.60",Delivered
SHP000188,POL000188,2025-02-12,2025-02-16,Surat,WH005,Road,CAR08,858,"?23,912.87",Delivered
SHP000189,POL000189,2025-02-14,2025-02-19,Surat,WH005,Air,CAR01,858,"?31,201.82",Delivered
SHP000190,POL000190,2025-02-16,2025-03-04,Coimbatore,WH008,Road,CAR02,1060,"?7,222.92",Delivered
SHP000191,POL000191,2025-02-13,2025-02-21,Coimbatore,WH008,air,CAR01,1060,"?27,919.38",Delivered
SHP000192,POL000192,2025-02-13,2025-02-26,Coimbatore,WH008,Road,CAR08,1060,"?4,654.99",Delivered
SHP000193,POL000193,2025-02-28,2025-02-28,Ahmedabad,WH007,Road,CAR08,1910,"?28,714.18",Delivered
SHP000194,POL000194,2025-02-25,2025-03-06,Ahmedabad,WH007,Road,CAR02,1910,"?60,962.62",Delivered
SHP000195,POL000195,2025-02-08,2025-02-21,Ahmedabad,WH005,Road,CAR08,1037,"?21,438.61",Delivered
SHP000196,POL000196,2025-02-05,2025-02-25,Ahmedabad,WH005,Road,CAR03,1037,"?35,025.18",Delivered
SHP000197,POL000197,2025-02-06,2025-02-14,Ahmedabad,WH005,Rail,CAR03,1037,"?6,500.19",Delivered
SHP000198,POL000198,2025-02-09,2025-02-21,Bengaluru,WH006,Road,CAR06,342,"?2,165.45",Delivered
SHP000199,POL000199,2025-02-10,2025-02-22,Bengaluru,WH006,Road,CAR08,342,"?11,762.82",Delivered
SHP000200,POL000200,2025-02-11,2025-02-21,Bengaluru,WH006,Road,CAR06,342,?900.00,Delivered
SHP000201,POL000201,2025-02-10,2025-02-24,Bengaluru,WH006,Road,CAR04,342,"?1,384.66",Delivered
SHP000202,POL000202,2025-02-11,2025-02-26,Indore,WH009,Road,CAR04,399,"?2,116.50",Delivered
SHP000203,POL000203,2025-02-08,2025-02-11,Indore,WH009,Rail,CAR08,399,"?2,092.72",Delivered
SHP000204,POL000204,2025-02-07,2025-02-20,Kochi,WH010,Rail,CAR07,2293,"?2,879.05",Delivered
SHP000205,POL000205,2025-02-05,2025-02-11,Kochi,WH010,Rail,CAR03,2293,"?3,661.17",Delivered
SHP000206,POL000206,2025-02-07,2025-02-11,Kochi,WH010,Rail,CAR08,2293,"?2,878.12",Delivered
SHP000207,POL000207,2025-02-06,2025-02-09,Kochi,WH010,Road,CAR05,2293,"?4,464.20",Delivered
SHP000208,POL000208,2025-02-24,2025-02-28,Hyderabad,WH005,Road,CAR06,80,?900.00,Delivered
SHP000209,POL000209,2025-02-24,2025-02-25,Hyderabad,WH005,Road,CAR03,80,?900.00,Delivered
SHP000210,POL000210,2025-02-24,2025-02-27,Hyderabad,WH005,Road,CAR02,80,"?3,452.05",Delivered
SHP000211,POL000211,2025-02-23,2025-02-27,Coimbatore,WH001,Road,CAR08,1541,"?2,310.69",Delivered
SHP000212,POL000212,2025-02-24,2025-03-07,Coimbatore,WH001,Rail,CAR03,1541,"?4,082.56",Delivered
SHP000213,POL000213,2025-02-04,2025-02-10,Kochi,WH001,Air,CAR01,1678,"?25,626.89",Delivered
SHP000214,POL000214,2025-02-07,2025-02-10,Kochi,WH001,Rail,CAR03,1678,"?9,291.56",Delivered
SHP000215,POL000215,2025-02-04,2025-02-08,Kochi,WH001,Rail,CAR03,1678,"?3,163.00",Delivered
SHP000216,POL000216,2025-02-04,2025-02-06,Kochi,WH001,Rail,CAR08,1678,?900.00,Delivered
SHP000217,POL000217,2025-02-15,2025-02-24,Coimbatore,WH007,Road,CAR04,2083,"?3,480.72",Delivered
SHP000218,POL000218,2025-02-17,2025-02-24,Coimbatore,WH007,Road,CAR05,2083,"?30,383.68",Delivered
SHP000219,POL000219,2025-02-12,2025-02-17,Coimbatore,WH007,Air,CAR06,2083,"?133,464.62",Delivered
SHP000220,POL000220,2025-02-12,2025-02-25,Coimbatore,WH007,Road,CAR02,2083,"?12,889.94",Delivered
SHP000221,POL000221,2025-02-14,2025-02-17,Coimbatore,WH007,Rail,CAR07,2083,"?1,618.15",Delivered
SHP000222,POL000222,2025-02-12,2025-03-01,Coimbatore,WH007,Road,CAR06,2083,"?10,715.67",Delivered
SHP000223,POL000223,2025-02-04,2025-02-10,Mumbai,WH009,Rail,CAR07,519,?900.00,Delivered
SHP000224,POL000224,2025-02-02,2025-02-08,Mumbai,WH009,Road,CAR02,519,"?9,847.71",Delivered
SHP000225,POL000225,2025-02-02,2025-02-15,Mumbai,WH009,Rail,CAR08,519,?900.00,Delivered
SHP000226,POL000226,2025-02-03,2025-02-12,Mumbai,WH009,Rail,CAR07,519,"?3,392.76",Delivered
SHP000227,POL000227,2025-03-27,2025-04-02,Coimbatore,WH010,Air,CAR01,2134,"?142,380.99",Delivered
SHP000228,POL000228,2025-03-26,2025-04-07,Coimbatore,WH010,Rail,CAR08,2134,"?10,759.82",Delivered
SHP000229,POL000229,2025-03-27,2025-04-02,Coimbatore,WH010,Road,CAR08,2134,"?51,003.22",Delivered
SHP000230,POL000230,2025-03-26,2025-04-06,Coimbatore,WH010,Road,CAR05,2134,?900.00,Delivered
SHP000231,POL000231,2025-03-10,2025-03-16,Hyderabad,WH007,Road,CAR03,1394,"?61,261.42",Delivered
SHP000232,POL000232,2025-03-12,2025-03-20,Hyderabad,WH007,Road,CAR08,1394,"?32,821.84",Delivered
SHP000233,POL000233,2025-03-10,2025-03-16,Hyderabad,WH007,Road,CAR05,1394,"?78,020.52",Delivered
SHP000234,POL000234,2025-03-12,2025-03-20,Hyderabad,WH007,Rail,CAR08,1394,"?18,087.22",Delivered
SHP000235,POL000235,2025-03-22,2025-03-28,Coimbatore,WH009,Road,CAR06,1668,"?56,282.75",Delivered
SHP000236,POL000236,2025-03-22,2025-04-01,Coimbatore,WH009,Road,CAR08,1668,"?4,305.44",Delivered
SHP000237,POL000237,2025-03-11,2025-03-20,Kochi,WH003,Road,CAR04,2454,"?15,343.82",Delivered
SHP000238,POL000238,2025-03-12,2025-03-13,Kochi,WH003,Rail,CAR08,2454,"?4,081.49",Delivered
SHP000239,POL000239,2025-03-10,2025-03-16,Kochi,WH003,road,CAR02,2454,"?2,530.17",Delivered
SHP000240,POL000240,2025-03-25,2025-03-31,Indore,WH010,Road,CAR06,812,"?2,275.92",Delivered
SHP000241,POL000241,2025-03-26,2025-03-31,Indore,WH010,Rail,CAR03,812,"?9,176.51",Delivered
SHP000242,POL000242,2025-03-25,2025-04-11,Kolkata,WH004,Road,CAR06,1841,"?15,246.13",Delivered
SHP000243,POL000243,2025-03-23,2025-04-03,Kolkata,WH004,Air,CAR01,1841,"?19,165.03",Delivered
SHP000244,POL000244,2025-03-25,2025-04-01,Kolkata,WH004,Air,CAR01,1841,"?70,633.65",Delivered
SHP000245,POL000245,2025-03-23,2025-03-27,Kolkata,WH004,Rail,CAR08,1841,?900.00,Delivered
SHP000246,POL000246,2025-03-11,2025-03-26,Hyderabad,WH008,Rail,CAR03,596,"?2,770.81",Delivered
SHP000247,POL000247,2025-03-10,2025-03-22,Hyderabad,WH008,Rail,CAR08,596,?900.00,Delivered
SHP000248,POL000248,2025-03-10,2025-03-16,Hyderabad,WH008,Road,CAR08,596,"?18,655.01",Delivered
SHP000249,POL000249,2025-03-11,2025-03-17,Gurugram,WH007,Rail,CAR07,1547,?900.00,Delivered
SHP000250,POL000250,2025-03-11,2025-03-19,Gurugram,WH007,Rail,CAR03,1547,?900.00,Delivered
SHP000251,POL000251,2025-03-11,2025-03-18,Gurugram,WH007,Road,CAR06,1547,?900.00,Delivered
SHP000252,POL000252,2025-03-23,2025-03-29,Rajkot,WH009,Road,CAR04,234,"?3,720.74",Delivered
SHP000253,POL000253,2025-03-24,2025-04-07,Rajkot,WH009,Road,CAR06,234,?900.00,Delivered
SHP000254,POL000254,2025-03-11,2025-03-21,Rajkot,WH010,Air,CAR01,1348,"?15,932.71",Delivered
SHP000255,POL000255,2025-03-10,2025-03-17,Rajkot,WH010,Road,CAR08,1348,"?6,698.03",Delivered
SHP000256,POL000256,2025-03-10,2025-03-18,Rajkot,WH010,Rail,CAR07,1348,?900.00,Delivered
SHP000257,POL000257,2025-03-13,2025-03-28,Rajkot,WH010,Rail,CAR07,1348,"?4,272.17",Delivered
SHP000258,POL000258,2025-03-11,2025-03-26,Kolkata,WH009,Road,CAR05,1910,"?69,266.17",Delivered
SHP000259,POL000259,2025-03-10,2025-03-16,Kolkata,WH009,Road,CAR08,1910,"?75,949.00",Delivered
SHP000260,POL000260,2025-03-11,2025-03-12,Kolkata,WH009,Air,CAR06,1910,"?71,178.98",Delivered
SHP000261,POL000261,2025-03-09,2025-03-14,Ludhiana,WH010,Road,CAR08,790,"?1,331.85",Delivered
SHP000262,POL000262,2025-03-09,2025-03-14,Ludhiana,WH010,Rail,CAR07,790,"?10,795.98",Delivered
SHP000263,POL000263,2025-03-07,2025-03-16,Ludhiana,WH010,Road,CAR04,790,"?5,007.44",Delivered
SHP000264,POL000264,2025-03-08,2025-03-18,Ludhiana,WH010,Road,CAR04,790,"?4,279.65",Delivered
SHP000265,POL000265,2025-03-15,2025-03-22,Rajkot,WH009,Road,CAR03,234,?900.00,Delivered
SHP000266,POL000266,2025-03-16,2025-03-26,Rajkot,WH009,Road,CAR08,234,?900.00,Delivered
SHP000267,POL000267,2025-03-18,2025-03-26,Rajkot,WH009,Road,CAR04,234,?900.00,Delivered
SHP000268,POL000268,2025-03-23,2025-04-01,Bengaluru,WH009,Air,CAR06,1459,"?112,764.04",Delivered
SHP000269,POL000269,2025-03-24,2025-04-03,Bengaluru,WH009,Road,CAR06,1459,"?9,238.01",Delivered
SHP000270,POL000270,2025-03-24,2025-04-02,Bengaluru,WH009,Road,CAR05,1459,"?1,966.50",Delivered
SHP000271,POL000271,2025-03-16,2025-03-30,Rajkot,WH006,Road,CAR06,1691,"?7,099.70",Delivered
SHP000272,POL000272,2025-03-18,2025-03-26,Rajkot,WH006,Rail,CAR07,1691,"?16,483.25",Delivered
SHP000273,POL000273,2025-03-18,2025-03-25,Rajkot,WH006,Air,CAR06,1691,"?29,876.66",Delivered
SHP000274,POL000274,2025-03-15,2025-03-26,Rajkot,WH006,Rail,CAR07,1691,"?5,117.85",Delivered
SHP000275,POL000275,2025-03-06,2025-03-19,Kochi,WH001,Road,CAR06,1678,"?23,642.56",Delivered
SHP000276,POL000276,2025-03-07,2025-03-16,Kochi,WH001,Road,CAR02,1678,"?4,560.40",Delivered
SHP000277,POL000277,2025-03-05,2025-03-19,Kochi,WH001,Road,CAR05,1678,"?4,401.89",Delivered
SHP000278,POL000278,2025-03-28,2025-04-02,Noida,WH002,Road,CAR08,1353,?900.00,Delivered
SHP000279,POL000279,2025-03-28,2025-04-04,Noida,WH002,Road,CAR08,1353,"?6,418.94",Delivered
SHP000280,POL000280,2025-03-10,2025-03-21,Surat,WH008,Road,CAR02,369,"?7,004.39",Delivered
SHP000281,POL000281,2025-03-11,2025-03-14,Surat,WH008,Road,CAR03,369,"?8,707.84",Delivered
SHP000282,POL000282,2025-03-10,2025-03-14,Surat,WH008,Air,CAR01,369,"?36,044.94",Delivered
SHP000283,POL000283,2025-03-20,2025-03-24,Pune,WH005,Road,CAR02,596,"?2,161.12",Delivered
SHP000284,POL000284,2025-03-19,2025-03-27,Pune,WH005,Rail,CAR03,596,"?9,547.38",Delivered
SHP000285,POL000285,2025-03-20,2025-03-24,Pune,WH005,Air,CAR01,596,"?8,834.51",Delivered
SHP000286,POL000286,2025-03-21,2025-03-30,Pune,WH005,Road,CAR06,596,"?20,039.56",Delivered
SHP000287,POL000287,2025-03-18,,Vadodara,WH006,Road,CAR06,1499,?0.00,Cancelled
SHP000288,POL000288,2025-03-17,2025-03-22,Vadodara,WH006,Air,CAR06,1499,"?73,775.16",Delivered
SHP000289,POL000289,2025-03-15,2025-04-05,Vadodara,WH006,Rail,CAR08,1499,"?2,142.48",Delivered
SHP000290,POL000290,2025-03-28,2025-04-05,Surat,WH003,Rail,CAR03,1106,"?1,249.14",Delivered
SHP000291,POL000291,2025-03-28,2025-04-03,Surat,WH003,Road,CAR02,1106,"?8,640.07",Delivered
SHP000292,POL000292,2025-03-16,2025-03-24,Kolkata,WH010,Rail,CAR03,1046,"?5,994.43",Delivered
SHP000293,POL000293,2025-03-14,2025-04-01,Kolkata,WH010,Rail,CAR07,1046,"?13,920.59",Delivered
SHP000294,POL000294,2025-03-12,2025-03-19,Gurugram,WH005,Road,CAR06,1463,?900.00,Delivered
SHP000295,POL000295,2025-03-12,2025-03-15,Gurugram,WH005,Road,CAR04,1463,"?4,860.34",Delivered
SHP000296,POL000296,2025-03-11,2025-03-17,Gurugram,WH005,Road,CAR03,1463,"?4,953.99",Delivered
SHP000297,POL000297,2025-03-09,2025-03-19,Mumbai,WH005,Rail,CAR03,733,"?19,991.38",Delivered
SHP000298,POL000298,2025-03-12,2025-03-14,Mumbai,WH005,Road,CAR08,733,"?2,288.95",Delivered
SHP000299,POL000299,2025-03-09,2025-03-21,Mumbai,WH005,Road,CAR03,733,"?16,316.14",Delivered
SHP000300,POL000300,2025-03-09,2025-03-16,Mumbai,WH005,Road,CAR08,733,"?4,193.63",Delivered
SHP000301,POL000301,2025-03-03,2025-03-12,Gurugram,WH008,Rail,CAR03,1358,"?27,473.65",Delivered
SHP000302,POL000302,2025-03-04,2025-03-10,Gurugram,WH008,Air,CAR06,1358,"?20,688.64",Delivered
SHP000303,POL000303,2025-03-06,2025-03-12,Gurugram,WH008,Rail,CAR03,1358,"?33,419.68",Delivered
SHP000304,POL000304,2025-03-13,2025-03-19,Bengaluru,WH006,Road,CAR06,342,"?1,837.29",Delivered
SHP000305,POL000305,2025-03-12,2025-03-21,Bengaluru,WH006,Air,CAR06,342,"?8,015.08",Delivered
SHP000306,POL000306,2025-03-14,2025-03-19,Bengaluru,WH006,Road,CAR06,342,"?5,393.25",Delivered
SHP000307,POL000307,2025-03-24,2025-04-13,Ludhiana,WH001,Rail,CAR03,1073,?900.00,Delivered
SHP000308,POL000308,2025-03-24,2025-03-27,Ludhiana,WH001,Rail,CAR07,1073,?900.00,Delivered
SHP000309,POL000309,2025-03-17,2025-03-22,Bhopal,WH004,Rail,CAR03,1350,"?22,815.92",Delivered
SHP000310,POL000310,2025-03-15,2025-03-21,Bhopal,WH004,Road,CAR08,1350,"?17,232.83",Delivered
SHP000311,POL000311,2025-03-16,2025-03-19,Bhopal,WH004,Rail,CAR03,1350,"?11,227.30",Delivered
SHP000312,POL000312,2025-03-15,2025-03-21,Indore,WH006,Road,CAR08,1378,"?19,461.86",Delivered
SHP000313,POL000313,2025-03-13,2025-03-18,Indore,WH006,Road,CAR06,1378,"?14,576.06",Delivered
SHP000314,POL000314,2025-03-13,2025-03-16,Indore,WH006,Road,CAR03,1378,"?24,780.82",Delivered
SHP000315,POL000315,2025-03-12,2025-03-18,Indore,WH006,Rail,CAR03,1378,"?11,229.24",Delivered
SHP000316,POL000316,2025-03-22,2025-03-26,Bengaluru,WH002,Air,CAR06,997,"?37,648.91",Delivered
SHP000317,POL000317,2025-03-21,2025-03-27,Bengaluru,WH002,Rail,CAR03,997,"?13,035.21",Delivered
SHP000318,POL000318,2025-03-22,2025-04-01,Bengaluru,WH002,Road,CAR04,997,"?3,866.00",Delivered
SHP000319,POL000319,2025-03-21,2025-04-02,Bengaluru,WH002,Rail,CAR07,997,"?2,507.56",Delivered
SHP000320,POL000320,2025-03-07,2025-03-07,Coimbatore,WH006,Road,CAR06,504,"?14,498.07",Delivered
SHP000321,POL000321,2025-03-06,2025-03-10,Coimbatore,WH006,Road,CAR04,504,"?14,812.86",Delivered
SHP000322,POL000322,2025-03-06,2025-03-09,Coimbatore,WH006,Rail,CAR07,504,"?2,088.49",Delivered
SHP000323,POL000323,2025-03-07,2025-03-13,Coimbatore,WH006,Road,CAR08,504,"?24,018.88",Delivered
SHP000324,POL000324,2025-03-25,2025-04-01,Kolkata,WH003,Rail,CAR08,1538,"?20,520.49",Delivered
SHP000325,POL000325,2025-03-28,2025-04-02,Kolkata,WH003,Road,CAR05,1538,"?50,631.33",Delivered
SHP000326,POL000326,2025-03-25,2025-04-10,Kolkata,WH003,Road,CAR04,1538,"?12,940.56",Delivered
SHP000327,POL000327,2025-03-10,2025-03-17,Gurugram,WH009,Road,CAR03,886,"?1,003.12",Delivered
SHP000328,POL000328,2025-03-11,2025-03-29,Gurugram,WH009,Road,CAR03,886,"?3,785.47",Delivered
SHP000329,POL000329,2025-03-17,2025-03-26,Jaipur,WH008,Road,CAR08,1125,"?5,621.56",Delivered
SHP000330,POL000330,2025-03-18,2025-03-28,Jaipur,WH008,Road,CAR04,1125,"?8,579.26",Delivered
SHP000331,POL000331,2025-03-19,2025-03-26,Jaipur,WH008,Road,CAR03,1125,"?2,375.57",Delivered
SHP000332,POL000332,2025-03-20,2025-03-23,Hyderabad,WH010,Air,CAR06,1276,"?80,630.08",Delivered
SHP000333,POL000333,2025-03-22,2025-03-26,Hyderabad,WH010,Road,CAR06,1276,"?24,093.03",Delivered
SHP000334,POL000334,2025-03-23,2025-03-26,Hyderabad,WH010,Air,CAR06,1276,"?44,668.40",Delivered
SHP000335,POL000335,2025-03-23,2025-04-03,Hyderabad,WH010,Rail,CAR08,1276,"?3,712.00",Delivered
SHP000336,POL000336,2025-03-24,2025-03-27,Jaipur,WH004,Rail,CAR07,1842,"?25,172.39",Delivered
SHP000337,POL000337,2025-03-24,2025-04-01,Jaipur,WH004,Road,CAR06,1842,"?15,509.85",Delivered
SHP000338,POL000338,2025-03-24,2025-04-01,Jaipur,WH004,Rail,CAR07,1842,"?6,044.66",Delivered
SHP000339,POL000339,2025-03-20,2025-04-02,Indore,WH008,Road,CAR06,603,?900.00,Delivered
SHP000340,POL000340,2025-03-21,2025-03-25,Indore,WH008,Road,CAR02,603,"?7,190.56",Delivered
SHP000341,POL000341,2025-03-19,2025-03-28,Indore,WH008,Road,CAR04,603,"?12,723.26",Delivered
SHP000342,POL000342,2025-03-21,2025-04-06,Bhopal,WH006,Rail,CAR03,1381,"?2,242.23",Delivered
SHP000343,POL000343,2025-03-21,2025-03-31,Bhopal,WH006,Road,CAR04,1381,"?1,853.55",Delivered
SHP000344,POL000344,2025-03-11,2025-03-16,Surat,WH005,Air,CAR01,858,"?170,040.76",Delivered
SHP000345,POL000345,2025-03-10,2025-03-18,Surat,WH005,Road,CAR04,858,"?7,760.57",Delivered
SHP000346,POL000346,2025-03-09,2025-03-13,Delhi,WH009,Road,CAR05,915,"?2,999.82",Delivered
SHP000347,POL000347,2025-03-07,2025-03-18,Delhi,WH009,Rail,CAR07,915,"?12,193.76",Delivered
SHP000348,POL000348,2025-03-09,2025-03-19,Delhi,WH009,Rail,CAR03,915,"?15,343.61",Delivered
SHP000349,POL000349,2025-04-16,2025-04-19,Vadodara,WH001,Air,CAR01,328,"?9,071.38",Delivered
SHP000350,POL000350,2025-04-16,2025-04-25,Vadodara,WH001,Road,CAR08,328,?900.00,Delivered
SHP000351,POL000351,2025-04-13,,Vadodara,WH001,Road,CAR02,328,?0.00,Cancelled
SHP000352,POL000352,2025-04-24,2025-05-01,Surat,WH006,Rail,CAR03,1412,"?1,584.33",Delivered
SHP000353,POL000353,2025-04-24,2025-05-01,Surat,WH006,Road,CAR05,1412,"?6,118.28",Delivered
SHP000354,POL000354,2025-04-22,2025-05-07,Ahmedabad,WH006,Air,CAR01,1618,"?226,504.05",Delivered
SHP000355,POL000355,2025-04-21,2025-05-03,Ahmedabad,WH006,Road,CAR04,1618,"?9,870.29",Delivered
SHP000356,POL000356,2025-04-23,2025-05-04,Ahmedabad,WH006,Road,CAR06,1618,"?63,801.13",Delivered
SHP000357,POL000357,2025-04-27,2025-04-30,Indore,WH006,Rail,CAR07,1378,"?2,443.34",Delivered
SHP000358,POL000358,2025-04-26,2025-05-02,Indore,WH006,Road,CAR04,1378,"?3,302.07",Delivered
SHP000359,POL000359,2025-04-27,2025-05-08,Indore,WH006,Road,CAR08,1378,"?2,352.61",Delivered
SHP000360,POL000360,2025-04-26,2025-05-02,Indore,WH006,Road,CAR08,1378,"?3,515.97",Delivered
SHP000361,POL000361,2025-04-28,2025-05-03,Kochi,WH002,Rail,CAR08,1274,"?11,584.70",Delivered
SHP000362,POL000362,2025-04-25,2025-05-06,Kochi,WH002,Road,CAR03,1274,"?22,828.97",Delivered
SHP000363,POL000363,2025-04-16,2025-04-28,Lucknow,WH002,Road,CAR02,1409,"?6,826.61",Delivered
SHP000364,POL000364,2025-04-16,2025-04-22,Lucknow,WH002,Air,CAR01,1409,"?96,712.91",Delivered
SHP000365,POL000365,2025-04-16,2025-04-30,Lucknow,WH002,Rail,CAR03,1409,"?10,142.85",Delivered
SHP000366,POL000366,2025-04-03,2025-04-08,Rajkot,WH009,Air,CAR06,234,"?5,134.64",Delivered
SHP000367,POL000367,2025-04-04,2025-04-15,Rajkot,WH009,Road,CAR06,234,?900.00,Delivered
SHP000368,POL000368,2025-04-06,2025-04-20,Rajkot,WH009,Road,CAR03,234,?900.00,Delivered
SHP000369,POL000369,2025-04-06,2025-04-13,Rajkot,WH009,Air,CAR01,234,"?4,885.58",Delivered
SHP000370,POL000370,2025-04-13,2025-04-27,Chennai,WH003,Road,CAR08,2071,"?5,669.98",Delivered
SHP000371,POL000371,2025-04-14,2025-04-30,Chennai,WH003,Road,CAR05,2071,"?21,995.01",Delivered
SHP000372,POL000372,2025-04-16,2025-04-24,Chennai,WH003,Rail,CAR07,2071,"?16,108.91",Delivered
SHP000373,POL000373,2025-04-15,2025-04-27,Chennai,WH003,RAIL,CAR03,2071,?900.00,Delivered
SHP000374,POL000374,2025-04-07,2025-04-09,Gurugram,WH008,Road,CAR02,1358,"?8,312.92",Delivered
SHP000375,POL000375,2025-04-05,2025-04-07,Gurugram,WH008,Road,CAR02,1358,"?36,539.54",Delivered
SHP000376,POL000376,2025-04-04,2025-04-18,Gurugram,WH008,Air,CAR06,1358,"?21,918.20",Delivered
SHP000377,POL000377,2025-04-29,2025-05-06,Surat,WH005,Road,CAR05,858,"?20,288.25",Delivered
SHP000378,POL000378,2025-04-29,2025-05-08,Surat,WH005,Road,CAR06,858,"?25,120.58",Delivered
SHP000379,POL000379,2025-04-26,2025-05-04,Surat,WH005,Road,CAR02,858,"?4,602.00",Delivered
SHP000380,POL000380,2025-04-25,2025-04-29,Lucknow,WH001,Rail,CAR07,812,?900.00,Delivered
SHP000381,POL000381,2025-04-28,2025-04-30,Lucknow,WH001,Road,CAR03,812,"?17,416.29",Delivered
SHP000382,POL000382,2025-04-05,2025-04-09,Indore,WH001,Road,CAR02,80,?900.00,Delivered
SHP000383,POL000383,2025-04-07,2025-04-16,Indore,WH001,Road,CAR02,80,?900.00,Delivered
SHP000384,POL000384,2025-04-06,2025-04-11,Indore,WH001,Air,CAR01,80,"?5,146.55",Delivered
SHP000385,POL000385,2025-04-10,2025-04-12,Vadodara,WH006,Air,CAR06,1499,"?117,657.93",Delivered
SHP000386,POL000386,2025-04-08,2025-04-17,Vadodara,WH006,Road,CAR02,1499,"?53,012.61",Delivered
SHP000387,POL000387,2025-04-19,2025-05-02,Rajkot,WH001,Road,CAR06,615,"?20,126.85",Delivered
SHP000388,POL000388,2025-04-16,2025-04-19,Rajkot,WH001,Road,CAR05,615,"?7,594.76",Delivered
SHP000389,POL000389,2025-04-26,2025-05-09,Vadodara,WH003,Road,CAR04,955,"?18,822.67",Delivered
SHP000390,POL000390,2025-04-24,2025-05-03,Vadodara,WH003,Road,CAR05,955,"?9,596.70",Delivered
SHP000391,POL000391,2025-04-24,2025-04-29,Vadodara,WH003,Air,CAR06,955,"?47,823.96",Delivered
SHP000392,POL000392,2025-04-13,2025-04-18,Coimbatore,WH008,Road,CAR06,1060,"?10,417.08",Delivered
SHP000393,POL000393,2025-04-13,2025-04-20,Coimbatore,WH008,Road,CAR03,1060,"?6,769.89",Delivered
SHP000394,POL000394,2025-04-13,2025-04-18,Coimbatore,WH008,Rail,CAR07,1060,"?8,667.25",Delivered
SHP000395,POL000395,2025-04-14,2025-04-20,Hyderabad,WH010,Road,CAR08,1276,"?24,900.39",Delivered
SHP000396,POL000396,2025-04-16,2025-04-24,Hyderabad,WH010,Road,CAR06,1276,"?24,263.03",Delivered
SHP000397,POL000397,2025-04-13,2025-04-21,Ahmedabad,WH008,Rail,CAR07,611,?900.00,Delivered
SHP000398,POL000398,2025-04-12,2025-04-22,Ahmedabad,WH008,Rail,CAR08,611,"?1,399.21",Delivered
SHP000399,POL000399,2025-04-11,2025-04-15,Ahmedabad,WH008,Road,CAR03,611,"?3,941.68",Delivered
SHP000400,POL000400,2025-04-14,2025-04-20,Ahmedabad,WH008,Rail,CAR07,611,?900.00,Delivered
SHP000401,POL000401,2025-04-25,2025-05-05,Bengaluru,WH001,Road,CAR02,1297,"?1,470.80",Delivered
SHP000402,POL000402,2025-04-25,2025-05-02,Bengaluru,WH001,Road,CAR06,1297,"?6,424.45",Delivered
SHP000403,POL000403,2025-04-27,2025-05-03,Bengaluru,WH001,Road,CAR08,1297,"?21,336.38",Delivered
SHP000404,POL000404,2025-04-10,2025-04-22,Hyderabad,WH002,Rail,CAR07,733,?900.00,Delivered
SHP000405,POL000405,2025-04-11,2025-04-17,Hyderabad,WH002,Rail,CAR08,733,"?1,867.21",Delivered
SHP000406,POL000406,2025-04-09,2025-04-19,Hyderabad,WH002,Road,CAR08,733,"?2,871.28",Delivered
SHP000407,POL000407,2025-04-11,2025-04-26,Hyderabad,WH002,Road,CAR04,733,?900.00,Delivered
SHP000408,POL000408,2025-04-18,2025-04-19,Kolkata,WH010,Road,CAR06,1046,"?1,903.28",Delivered
SHP000409,POL000409,2025-04-18,2025-04-23,Kolkata,WH010,Rail,CAR08,1046,"?3,417.96",Delivered
SHP000410,POL000410,2025-04-08,2025-04-19,Hyderabad,WH002,Road,CAR02,733,"?15,675.35",Delivered
SHP000411,POL000411,2025-04-09,2025-04-13,Hyderabad,WH002,Road,CAR05,733,"?18,999.15",Delivered
SHP000412,POL000412,2025-04-08,2025-04-16,Hyderabad,WH002,Rail,CAR03,733,"?21,848.98",Delivered
SHP000413,POL000413,2025-04-12,2025-04-23,Pune,WH004,Road,CAR02,867,?900.00,Delivered
SHP000414,POL000414,2025-04-10,2025-04-20,Pune,WH004,Road,CAR06,867,"?14,352.15",Delivered
SHP000415,POL000415,2025-04-14,2025-04-20,Gurugram,WH004,Air,CAR01,2033,"?45,617.71",Delivered
SHP000416,POL000416,2025-04-15,2025-04-20,Gurugram,WH004,Rail,CAR08,2033,"?6,244.40",Delivered
SHP000417,POL000417,2025-04-10,2025-04-16,Surat,WH008,Road,CAR04,369,"?1,333.27",Delivered
SHP000418,POL000418,2025-04-10,2025-04-14,Surat,WH008,Road,CAR03,369,"?8,642.08",Delivered
SHP000419,POL000419,2025-04-14,2025-04-24,Kochi,WH010,Road,CAR03,2293,"?1,183.41",Delivered
SHP000420,POL000420,2025-04-15,,Kochi,WH010,Rail,CAR08,2293,?0.00,Cancelled
SHP000421,POL000421,2025-04-17,2025-04-22,Kochi,WH010,Road,CAR03,2293,"?4,604.99",Delivered
SHP000422,POL000422,2025-04-25,2025-05-01,Coimbatore,WH002,Air,CAR06,1176,"?14,617.60",Delivered
SHP000423,POL000423,2025-04-27,2025-05-05,Coimbatore,WH002,Road,CAR05,1176,"?31,325.92",Delivered
SHP000424,POL000424,2025-04-28,2025-05-07,Coimbatore,WH002,Road,CAR08,1176,"?1,916.17",Delivered
SHP000425,POL000425,2025-04-29,2025-05-04,Bengaluru,WH009,Road,CAR05,1459,"?12,100.16",Delivered
SHP000426,POL000426,2025-04-29,2025-05-08,Bengaluru,WH009,Rail,CAR03,1459,"?4,477.57",Delivered
SHP000427,POL000427,2025-04-28,2025-05-06,Bengaluru,WH009,Road,CAR04,1459,"?5,823.86",Delivered
SHP000428,POL000428,2025-04-29,2025-05-05,Bengaluru,WH009,Road,CAR03,1459,"?4,689.34",Delivered
SHP000429,POL000429,2025-04-14,2025-04-22,Jaipur,WH001,Road,CAR04,550,"?3,307.25",Delivered
SHP000430,POL000430,2025-04-12,2025-04-25,Jaipur,WH001,Air,CAR01,550,"?6,794.17",Delivered
SHP000431,POL000431,2025-04-19,2025-04-25,Kolkata,WH007,Road,CAR08,80,?900.00,Delivered
SHP000432,POL000432,2025-04-19,2025-04-26,Kolkata,WH007,Road,CAR04,80,"?1,802.41",Delivered
SHP000433,POL000433,2025-04-06,2025-04-19,Vadodara,WH006,Road,CAR05,1499,"?32,124.55",Delivered
SHP000434,POL000434,2025-04-07,2025-04-23,Vadodara,WH006,Rail,CAR08,1499,"?14,698.50",Delivered
SHP000435,POL000435,2025-04-03,2025-04-07,Delhi,WH004,Rail,CAR07,2052,"?12,240.47",Delivered
SHP000436,POL000436,2025-04-02,2025-04-12,Delhi,WH004,Road,CAR03,2052,"?12,660.60",Delivered
SHP000437,POL000437,2025-04-04,2025-04-14,Delhi,WH004,Road,CAR05,2052,"?12,110.99",Delivered
SHP000438,POL000438,2025-04-25,2025-05-03,Vadodara,WH001,Air,CAR01,328,"?19,473.28",Delivered
SHP000439,POL000439,2025-04-23,2025-05-02,Vadodara,WH001,Road,CAR05,328,"?1,309.08",Delivered
SHP000440,POL000440,2025-04-08,2025-04-19,Rajkot,WH008,Rail,CAR03,622,"?1,860.53",Delivered
SHP000441,POL000441,2025-04-09,2025-04-22,Rajkot,WH008,Road,CAR02,622,"?8,157.85",Delivered
SHP000442,POL000442,2025-04-10,2025-04-13,Rajkot,WH008,Air,CAR01,622,"?15,594.24",Delivered
SHP000443,POL000443,2025-04-08,2025-04-20,Rajkot,WH008,Road,CAR06,622,"?12,564.95",Delivered
SHP000444,POL000444,2025-04-26,2025-05-04,Hyderabad,WH001,Air,CAR01,771,"?6,857.12",Delivered
SHP000445,POL000445,2025-04-26,2025-04-30,Hyderabad,WH001,Road,CAR04,771,"?20,828.82",Delivered
SHP000446,POL000446,2025-04-12,2025-04-18,Kolkata,WH007,Road,CAR04,80,?900.00,Delivered
SHP000447,POL000447,2025-04-12,2025-04-21,Kolkata,WH007,Road,CAR02,80,?900.00,Delivered
SHP000448,POL000448,2025-04-15,2025-04-24,Kolkata,WH007,Road,CAR03,80,?900.00,Delivered
SHP000449,POL000449,2025-04-20,2025-04-30,Kolkata,WH001,Rail,CAR03,1514,"?1,288.10",Delivered
SHP000450,POL000450,2025-04-18,2025-04-29,Kolkata,WH001,Air,CAR06,1514,"?91,046.92",Delivered
SHP000451,POL000451,2025-04-13,2025-04-22,Ahmedabad,WH005,air,CAR01,1037,"?45,002.23",Delivered
SHP000452,POL000452,2025-04-15,2025-04-18,Ahmedabad,WH005,Road,CAR02,1037,"?22,484.94",Delivered
SHP000453,POL000453,2025-04-14,2025-04-24,Ahmedabad,WH005,Road,CAR04,1037,"?28,191.53",Delivered
SHP000454,POL000454,2025-04-24,2025-04-30,Rajkot,WH010,Air,CAR06,1348,"?40,232.07",Delivered
SHP000455,POL000455,2025-04-24,2025-05-02,Rajkot,WH010,Road,CAR05,1348,"?5,710.58",Delivered
SHP000456,POL000456,2025-04-23,2025-04-29,Rajkot,WH010,Road,CAR02,1348,"?4,857.65",Delivered
SHP000457,POL000457,2025-04-23,2025-05-08,Rajkot,WH010,Road,CAR02,1348,"?12,661.44",Delivered
SHP000458,POL000458,2025-04-10,2025-04-16,Rajkot,WH006,Road,CAR03,1691,?900.00,Delivered
SHP000459,POL000459,2025-04-10,2025-04-16,Rajkot,WH006,Road,CAR05,1691,"?1,519.04",Delivered
SHP000460,POL000460,2025-05-12,2025-05-24,Delhi,WH002,Rail,CAR03,1354,?900.00,Delivered
SHP000461,POL000461,2025-05-12,2025-05-19,Delhi,WH002,Road,CAR03,1354,"?17,888.50",Delivered
SHP000462,POL000462,2025-05-10,2025-05-17,Delhi,WH002,Road,CAR02,1354,"?26,013.70",Delivered
SHP000463,POL000463,2025-05-09,2025-05-17,Kolkata,WH003,Road,CAR06,1538,"?30,208.47",Delivered
SHP000464,POL000464,2025-05-10,2025-05-15,Kolkata,WH003,Rail,CAR08,1538,"?9,457.85",Delivered
SHP000465,POL000465,2025-05-12,2025-05-18,Kolkata,WH003,Air,CAR01,1538,"?41,265.22",Delivered
SHP000466,POL000466,2025-05-21,2025-05-24,Ahmedabad,WH003,Rail,CAR07,915,"?4,542.86",Delivered
SHP000467,POL000467,2025-05-22,2025-05-27,Ahmedabad,WH003,Road,CAR06,915,"?45,509.57",Delivered
SHP000468,POL000468,2025-05-11,2025-05-17,Hyderabad,WH010,Road,CAR02,1276,"?6,942.31",Delivered
SHP000469,POL000469,2025-05-12,2025-05-19,Hyderabad,WH010,Road,CAR06,1276,"?52,051.74",Delivered
SHP000470,POL000470,2025-05-13,2025-05-19,Hyderabad,WH010,Road,CAR03,1276,"?23,466.31",Delivered
SHP000471,POL000471,2025-05-18,2025-05-25,Rajkot,WH009,Road,CAR04,234,"?2,908.46",Delivered
SHP000472,POL000472,2025-05-17,2025-05-26,Rajkot,WH009,Road,CAR05,234,?900.00,Delivered
SHP000473,POL000473,2025-05-17,2025-05-31,Rajkot,WH009,Road,CAR05,234,"?3,916.32",Delivered
SHP000474,POL000474,2025-05-23,2025-06-01,Kochi,WH001,Rail,CAR03,1678,?900.00,Delivered
SHP000475,POL000475,2025-05-23,2025-05-31,Kochi,WH001,Rail,CAR08,1678,"?16,888.02",Delivered
SHP000476,POL000476,2025-05-22,,Rajkot,WH008,Air,CAR01,622,?0.00,Cancelled
SHP000477,POL000477,2025-05-21,2025-06-07,Rajkot,WH008,Road,CAR08,622,"?6,002.98",Delivered
SHP000478,POL000478,2025-05-23,2025-05-27,Rajkot,WH008,Air,CAR06,622,"?52,628.13",Delivered
SHP000479,POL000479,2025-05-20,2025-06-06,Rajkot,WH008,Rail,CAR07,622,"?3,081.87",Delivered
SHP000480,POL000480,2025-05-27,2025-05-29,Mumbai,WH006,Road,CAR08,1219,"?10,421.31",Delivered
SHP000481,POL000481,2025-05-27,2025-05-31,Mumbai,WH006,Air,CAR06,1219,"?138,410.95",Delivered
SHP000482,POL000482,2025-05-28,2025-06-05,Mumbai,WH006,Road,CAR02,1219,"?3,767.88",Delivered
SHP000483,POL000483,2025-05-05,2025-05-17,Ahmedabad,WH003,Road,CAR05,915,"?44,367.59",Delivered
SHP000484,POL000484,2025-05-04,2025-05-10,Ahmedabad,WH003,Road,CAR06,915,"?36,614.00",Delivered
SHP000485,POL000485,2025-05-07,2025-05-17,Ahmedabad,WH003,Air,CAR01,915,"?119,626.55",Delivered
SHP000486,POL000486,2025-05-19,2025-05-23,Delhi,WH003,Road,CAR08,80,?900.00,Delivered
SHP000487,POL000487,2025-05-19,2025-05-26,Delhi,WH003,Road,CAR02,80,?900.00,Delivered
SHP000488,POL000488,2025-05-19,2025-05-28,Delhi,WH003,Road,CAR02,80,?900.00,Delivered
SHP000489,POL000489,2025-05-24,2025-05-31,Mumbai,WH004,Road,CAR03,997,"?9,544.86",Delivered
SHP000490,POL000490,2025-05-23,2025-05-29,Mumbai,WH004,Road,CAR08,997,"?10,411.84",Delivered
SHP000491,POL000491,2025-05-22,2025-05-29,Mumbai,WH004,Rail,CAR03,997,"?3,039.97",Delivered
SHP000492,POL000492,2025-05-22,2025-05-29,Mumbai,WH004,Road,CAR02,997,"?1,354.56",Delivered
SHP000493,POL000493,2025-05-18,2025-05-21,Hyderabad,WH007,Rail,CAR07,1394,"?1,035.90",Delivered
SHP000494,POL000494,2025-05-16,2025-06-06,Hyderabad,WH007,Road,CAR05,1394,?965.37,Delivered
SHP000495,POL000495,2025-05-11,2025-05-25,Indore,WH009,Road,CAR02,399,"?1,208.44",Delivered
SHP000496,POL000496,2025-05-10,2025-05-23,Indore,WH009,Road,CAR03,399,"?2,153.91",Delivered
SHP000497,POL000497,2025-05-18,2025-06-02,Kolkata,WH005,Air,CAR01,1394,"?64,841.99",Delivered
SHP000498,POL000498,2025-05-18,2025-06-04,Kolkata,WH005,Road,CAR05,1394,"?34,557.47",Delivered
SHP000499,POL000499,2025-05-18,2025-05-21,Kolkata,WH005,Rail,CAR08,1394,"?19,891.13",Delivered
SHP000500,POL000500,2025-05-18,2025-05-21,Kolkata,WH005,rail,CAR08,1394,"?17,791.03",Delivered
SHP000501,POL000501,2025-05-24,2025-05-29,Hyderabad,WH010,Road,CAR02,1276,"?8,325.44",Delivered
SHP000502,POL000502,2025-05-24,,Hyderabad,WH010,Road,CAR06,1276,?0.00,Cancelled
SHP000503,POL000503,2025-05-22,2025-05-29,Hyderabad,WH010,Road,CAR06,1276,"?22,484.31",Delivered
SHP000504,POL000504,2025-05-11,2025-05-13,Bengaluru,WH001,Road,CAR08,1297,"?13,595.08",Delivered
SHP000505,POL000505,2025-05-10,2025-05-17,Bengaluru,WH001,Rail,CAR08,1297,"?14,549.79",Delivered
SHP000506,POL000506,2025-05-08,2025-05-11,Bengaluru,WH001,Rail,CAR03,1297,"?9,427.05",Delivered
SHP000507,POL000507,2025-05-27,2025-06-02,Rajkot,WH006,Road,CAR05,1691,"?5,439.68",Delivered
SHP000508,POL000508,2025-05-27,2025-05-28,Rajkot,WH006,Road,CAR06,1691,"?9,921.08",Delivered
SHP000509,POL000509,2025-05-25,2025-05-31,Rajkot,WH006,Rail,CAR07,1691,"?11,200.56",Delivered
SHP000510,POL000510,2025-05-14,2025-05-31,Hyderabad,WH007,Rail,CAR07,1394,"?2,913.48",Delivered
SHP000511,POL000511,2025-05-17,2025-05-23,Hyderabad,WH007,Road,CAR03,1394,"?34,906.38",Delivered
SHP000512,POL000512,2025-05-16,2025-05-22,Hyderabad,WH007,Rail,CAR03,1394,?907.22,Delivered
SHP000513,POL000513,2025-05-16,2025-05-20,Hyderabad,WH007,Air,CAR06,1394,"?40,665.30",Delivered
SHP000514,POL000514,2025-05-06,2025-05-10,Hyderabad,WH003,Rail,CAR03,1481,"?7,730.05",Delivered
SHP000515,POL000515,2025-05-06,2025-05-17,Hyderabad,WH003,Air,CAR06,1481,"?74,610.94",Delivered
SHP000516,POL000516,2025-05-28,2025-05-29,Lucknow,WH007,Air,CAR01,1046,"?63,535.46",Delivered
SHP000517,POL000517,2025-05-27,2025-06-05,Lucknow,WH007,Road,CAR02,1046,"?23,690.77",Delivered
SHP000518,POL000518,2025-05-28,2025-05-30,Lucknow,WH007,Road,CAR02,1046,"?5,992.32",Delivered
SHP000519,POL000519,2025-05-26,2025-05-30,Lucknow,WH007,Rail,CAR08,1046,?900.00,Delivered
SHP000520,POL000520,2025-05-16,2025-05-28,Jaipur,WH007,Road,CAR03,1602,"?5,237.54",Delivered
SHP000521,POL000521,2025-05-16,2025-05-21,Jaipur,WH007,ROAD,CAR05,1602,"?10,768.61",Delivered
SHP000522,POL000522,2025-05-16,2025-05-25,Jaipur,WH007,Air,CAR01,1602,"?74,120.05",Delivered
SHP000523,POL000523,2025-05-18,2025-05-27,Jaipur,WH007,Road,CAR05,1602,"?33,014.77",Delivered
SHP000524,POL000524,2025-05-29,2025-06-04,Mumbai,WH008,Air,CAR06,141,"?6,476.53",Delivered
SHP000525,POL000525,2025-05-29,2025-06-02,Mumbai,WH008,Air,CAR01,141,"?11,203.24",Delivered
SHP000526,POL000526,2025-05-03,2025-05-16,Rajkot,WH001,Rail,CAR07,615,?900.00,Delivered
SHP000527,POL000527,2025-05-04,2025-05-06,Rajkot,WH001,Road,CAR08,615,"?5,792.89",Delivered
SHP000528,POL000528,2025-05-05,,Rajkot,WH001,Rail,CAR07,615,?0.00,Cancelled
SHP000529,POL000529,2025-05-22,2025-05-28,Kolkata,WH005,Rail,CAR07,1394,"?33,224.31",Delivered
SHP000530,POL000530,2025-05-19,2025-05-28,Kolkata,WH005,Road,CAR04,1394,"?58,092.36",Delivered
SHP000531,POL000531,2025-05-21,2025-05-29,Kolkata,WH005,Road,CAR03,1394,"?29,074.60",Delivered
SHP000532,POL000532,2025-05-22,2025-06-01,Kolkata,WH005,Air,CAR01,1394,"?146,144.59",Delivered
SHP000533,POL000533,2025-05-05,2025-05-21,Coimbatore,WH009,Road,CAR03,1668,"?49,517.79",Delivered
SHP000534,POL000534,2025-05-06,2025-05-10,Coimbatore,WH009,Road,CAR05,1668,"?10,204.32",Delivered
SHP000535,POL000535,2025-05-07,2025-05-18,Coimbatore,WH009,Road,CAR02,1668,"?35,445.53",Delivered
SHP000536,POL000536,2025-05-20,2025-05-29,Rajkot,WH007,Rail,CAR08,2128,?950.09,Delivered
SHP000537,POL000537,2025-05-20,2025-05-28,Rajkot,WH007,Road,CAR08,2128,"?6,428.64",Delivered
SHP000538,POL000538,2025-05-18,2025-05-30,Rajkot,WH007,Road,CAR08,2128,"?4,990.86",Delivered
SHP000539,POL000539,2025-05-18,2025-05-24,Rajkot,WH007,Rail,CAR03,2128,"?5,501.07",Delivered
SHP000540,POL000540,2025-05-12,2025-05-19,Kolkata,WH003,Road,CAR08,1538,"?19,206.94",Delivered
SHP000541,POL000541,2025-05-12,2025-05-14,Kolkata,WH003,Road,CAR04,1538,?900.00,Delivered
SHP000542,POL000542,2025-05-12,2025-05-18,Kolkata,WH003,Air,CAR06,1538,"?14,284.11",Delivered
SHP000543,POL000543,2025-05-06,2025-05-12,Hyderabad,WH002,Road,CAR04,733,"?9,093.52",Delivered
SHP000544,POL000544,2025-05-05,2025-05-14,Hyderabad,WH002,Road,CAR03,733,"?13,779.60",Delivered
SHP000545,POL000545,2025-05-08,2025-05-12,Hyderabad,WH002,Air,CAR06,733,"?53,555.40",Delivered
SHP000546,POL000546,2025-05-05,2025-05-14,Hyderabad,WH002,Road,CAR03,733,"?15,035.67",Delivered
SHP000547,POL000547,2025-05-16,2025-05-24,Mumbai,WH005,Rail,CAR03,733,?900.00,delivered
SHP000548,POL000548,2025-05-19,2025-05-28,Mumbai,WH005,Road,CAR02,733,"?5,567.52",Delivered
SHP000549,POL000549,2025-05-09,2025-05-25,Surat,WH005,Rail,CAR07,858,"?1,484.06",Delivered
SHP000550,POL000550,2025-05-09,2025-05-09,Surat,WH005,Rail,CAR03,858,"?10,401.17",Delivered
SHP000551,POL000551,2025-05-23,2025-05-30,Hyderabad,WH003,Road,CAR05,1481,"?4,940.47",Delivered
SHP000552,POL000552,2025-05-22,,Hyderabad,WH003,Road,CAR05,1481,?0.00,Cancelled
SHP000553,POL000553,2025-05-19,2025-06-01,Coimbatore,WH004,Road,CAR06,269,"?4,266.74",Delivered
SHP000554,POL000554,2025-05-19,2025-05-22,Coimbatore,WH004,Rail,CAR08,269,?900.00,Delivered
SHP000555,POL000555,2025-05-17,2025-05-26,Coimbatore,WH004,Road,CAR08,269,"?1,475.81",Delivered
SHP000556,POL000556,2025-05-17,2025-05-25,Rajkot,WH007,Road,CAR02,2128,"?31,797.43",Delivered
SHP000557,POL000557,2025-05-16,2025-05-20,Rajkot,WH007,Air,CAR01,2128,"?129,151.90",Delivered
SHP000558,POL000558,2025-05-17,2025-05-27,Rajkot,WH007,Road,CAR05,2128,"?2,082.90",Delivered
SHP000559,POL000559,2025-05-08,2025-05-11,Hyderabad,WH008,Road,CAR06,596,?900.00,Delivered
SHP000560,POL000560,2025-05-05,2025-05-17,Hyderabad,WH008,Air,CAR06,596,"?21,414.85",Delivered
SHP000561,POL000561,2025-05-07,2025-05-21,Hyderabad,WH008,Road,CAR02,596,?900.00,Delivered
SHP000562,POL000562,2025-05-08,2025-05-29,Ahmedabad,WH010,Road,CAR08,1115,"?16,275.49",Delivered
SHP000563,POL000563,2025-05-11,2025-05-14,Ahmedabad,WH010,Road,CAR02,1115,"?15,512.50",Delivered
SHP000564,POL000564,2025-05-08,2025-05-14,Indore,WH007,Road,CAR04,1514,"?4,412.64",Delivered
SHP000565,POL000565,2025-05-06,2025-05-12,Indore,WH007,Road,CAR06,1514,"?6,603.40",Delivered
SHP000566,POL000566,2025-05-06,2025-05-14,Indore,WH007,Rail,CAR03,1514,"?24,981.96",Delivered
SHP000567,POL000567,2025-05-08,2025-05-11,Indore,WH007,Rail,CAR07,1514,"?4,660.02",Delivered
SHP000568,POL000568,2025-05-20,2025-05-31,Noida,WH001,Road,CAR06,784,"?10,819.05",Delivered
SHP000569,POL000569,2025-05-18,2025-05-21,Noida,WH001,Road,CAR08,784,?900.00,Delivered
SHP000570,POL000570,2025-05-06,2025-05-11,Ludhiana,WH003,Road,CAR03,337,"?2,279.34",Delivered
SHP000571,POL000571,2025-05-07,2025-05-15,Ludhiana,WH003,Road,CAR02,337,"?3,255.78",Delivered
SHP000572,POL000572,2025-05-26,2025-05-29,Coimbatore,WH007,Air,CAR01,2083,"?128,913.37",Delivered
SHP000573,POL000573,2025-05-24,2025-06-02,Coimbatore,WH007,Rail,CAR07,2083,?900.00,Delivered
SHP000574,POL000574,2025-05-24,2025-05-31,Coimbatore,WH007,Rail,CAR08,2083,?900.00,Delivered
SHP000575,POL000575,2025-05-05,2025-05-10,Surat,WH010,Rail,CAR07,1224,?900.00,Delivered
SHP000576,POL000576,2025-05-04,2025-05-14,Surat,WH010,Road,CAR04,1224,"?3,930.37",Delivered
SHP000577,POL000577,2025-05-06,2025-05-07,Surat,WH010,Road,CAR02,1224,"?4,800.04",Delivered
SHP000578,POL000578,2025-06-17,2025-06-20,Delhi,WH007,Air,CAR06,1538,"?80,377.48",Delivered
SHP000579,POL000579,2025-06-18,2025-06-23,Delhi,WH007,rail,CAR07,1538,"?2,720.98",Delivered
SHP000580,POL000580,2025-06-17,2025-07-01,Delhi,WH007,Road,CAR06,1538,"?6,009.44",Delivered
SHP000581,POL000581,2025-06-18,2025-07-02,Delhi,WH007,Rail,CAR03,1538,"?3,648.44",Delivered
SHP000582,POL000582,2025-06-11,2025-06-16,Indore,WH004,Rail,CAR07,1297,"?2,477.62",Delivered
SHP000583,POL000583,2025-06-10,2025-06-15,Indore,WH004,Air,CAR06,1297,"?12,032.60",Delivered
SHP000584,POL000584,2025-06-09,2025-06-16,Indore,WH004,Rail,CAR08,1297,?900.00,Delivered
SHP000585,POL000585,2025-06-08,2025-06-19,Indore,WH004,Road,CAR05,1297,"?3,257.38",Delivered
SHP000586,POL000586,2025-06-20,2025-06-25,Rajkot,WH007,Air,CAR01,2128,"?9,514.71",Delivered
SHP000587,POL000587,2025-06-19,2025-06-26,Rajkot,WH007,Rail,CAR08,2128,?911.64,Delivered
SHP000588,POL000588,2025-06-18,2025-06-26,Rajkot,WH007,Road,CAR03,2128,"?3,968.42",Delivered
SHP000589,POL000589,2025-06-19,2025-06-21,Rajkot,WH007,Air,CAR01,2128,"?30,589.57",Delivered
SHP000590,POL000590,2025-06-04,2025-06-10,Rajkot,WH009,Road,CAR05,234,"?2,113.84",Delivered
SHP000591,POL000591,2025-06-05,2025-06-11,Rajkot,WH009,Road,CAR08,234,"?2,092.77",Delivered
SHP000592,POL000592,2025-06-18,2025-06-23,Vadodara,WH005,Road,CAR04,919,"?2,323.29",Delivered
SHP000593,POL000593,2025-06-15,2025-06-27,Vadodara,WH005,Road,CAR03,919,"?36,034.56",Delivered
SHP000594,POL000594,2025-06-25,2025-06-28,Coimbatore,WH005,Road,CAR03,857,"?10,747.75",Delivered
SHP000595,POL000595,2025-06-27,2025-07-07,Coimbatore,WH005,Road,CAR05,857,"?19,089.08",Delivered
SHP000596,POL000596,2025-06-10,2025-06-17,Rajkot,WH003,Road,CAR04,1122,"?12,862.54",Delivered
SHP000597,POL000597,2025-06-12,2025-06-15,Rajkot,WH003,Air,CAR06,1122,"?48,022.78",Delivered
SHP000598,POL000598,2025-06-10,2025-06-17,Rajkot,WH003,Air,CAR06,1122,"?72,410.42",Delivered
SHP000599,POL000599,2025-06-29,2025-07-08,Coimbatore,WH008,Road,CAR02,1060,"?13,265.18",Delivered
SHP000600,POL000600,2025-06-26,2025-07-07,Coimbatore,WH008,Road,CAR06,1060,"?15,045.56",Delivered
SHP000601,POL000601,2025-06-29,2025-07-09,Coimbatore,WH008,Road,CAR08,1060,"?12,444.43",Delivered
SHP000602,POL000602,2025-06-28,2025-07-08,Coimbatore,WH007,Road,CAR03,2083,"?7,510.80",Delivered
SHP000603,POL000603,2025-06-25,2025-07-05,Coimbatore,WH007,Road,CAR03,2083,"?4,367.30",Delivered
SHP000604,POL000604,2025-06-04,2025-06-12,Indore,WH009,Road,CAR08,399,?900.00,Delivered
SHP000605,POL000605,2025-06-05,2025-06-04,Indore,WH009,Road,CAR04,399,"?8,179.13",Delivered
SHP000606,POL000606,2025-06-06,,Indore,WH009,Air,CAR01,399,?0.00,Cancelled
SHP000607,POL000607,2025-06-24,2025-07-06,Mumbai,WH004,Rail,CAR07,997,"?2,804.82",Delivered
SHP000608,POL000608,2025-06-21,2025-07-03,Mumbai,WH004,Road,CAR06,997,"?17,328.00",Delivered
SHP000609,POL000609,2025-06-09,2025-06-25,Surat,WH001,Road,CAR03,420,"?1,448.04",Delivered
SHP000610,POL000610,2025-06-11,2025-06-14,Surat,WH001,Road,CAR08,420,"?7,793.03",Delivered
SHP000611,POL000611,2025-06-10,2025-06-23,Surat,WH001,Road,CAR04,420,"?4,081.54",Delivered
SHP000612,POL000612,2025-06-04,2025-06-13,Mumbai,WH007,Air,CAR01,1952,"?1,895.24",Delivered
SHP000613,POL000613,2025-06-03,2025-06-09,Mumbai,WH007,Rail,CAR03,1952,"?27,246.20",Delivered
SHP000614,POL000614,2025-06-03,2025-06-13,Mumbai,WH007,Air,CAR01,1952,"?97,557.21",Delivered
SHP000615,POL000615,2025-06-12,2025-06-16,Kolkata,WH001,Road,CAR08,1514,"?11,060.93",Delivered
SHP000616,POL000616,2025-06-13,2025-06-16,Kolkata,WH001,Air,CAR06,1514,"?330,692.39",delivered
SHP000617,POL000617,2025-06-14,2025-06-25,Kolkata,WH001,Air,CAR06,1514,"?238,444.64",Delivered
SHP000618,POL000618,2025-06-08,2025-06-13,Lucknow,WH005,Road,CAR08,1276,"?6,018.63",Delivered
SHP000619,POL000619,2025-06-09,2025-06-13,Lucknow,WH005,Road,CAR05,1276,"?3,217.06",Delivered
SHP000620,POL000620,2025-06-10,2025-06-13,Lucknow,WH005,Air,CAR06,1276,"?76,612.84",Delivered
SHP000621,POL000621,2025-06-10,2025-06-13,Lucknow,WH005,Road,CAR04,1276,?900.00,Delivered
SHP000622,POL000622,2025-06-16,2025-07-02,Pune,WH006,Rail,CAR03,1078,"?7,183.31",Delivered
SHP000623,POL000623,2025-06-15,2025-06-26,Pune,WH006,Road,CAR06,1078,"?5,019.18",Delivered
SHP000624,POL000624,2025-06-14,2025-06-25,Pune,WH006,Road,CAR08,1078,"?3,052.06",Delivered
SHP000625,POL000625,2025-06-18,2025-06-25,Surat,WH009,Rail,CAR08,245,?900.00,Delivered
SHP000626,POL000626,2025-06-18,2025-06-27,Surat,WH009,Rail,CAR03,245,"?2,016.25",Delivered
SHP000627,POL000627,2025-06-17,2025-06-21,Surat,WH009,Road,CAR05,245,?984.55,Delivered
SHP000628,POL000628,2025-06-21,2025-07-01,Surat,WH004,Road,CAR03,1230,"?16,563.13",Delivered
SHP000629,POL000629,2025-06-22,2025-07-01,Surat,WH004,Road,CAR04,1230,"?30,158.69",Delivered
SHP000630,POL000630,2025-06-23,2025-06-25,Surat,WH004,Road,CAR03,1230,"?3,388.23",Delivered
SHP000631,POL000631,2025-06-23,2025-06-28,Surat,WH004,Air,CAR01,1230,"?22,345.02",Delivered
SHP000632,POL000632,2025-06-07,2025-06-17,Kochi,WH005,Road,CAR04,1018,"?3,011.31",Delivered
SHP000633,POL000633,2025-06-07,2025-06-11,Kochi,WH005,Road,CAR04,1018,"?1,513.07",Delivered
SHP000634,POL000634,2025-06-12,2025-06-18,Lucknow,WH002,Road,CAR02,1409,"?3,395.13",Delivered
SHP000635,POL000635,2025-06-14,2025-06-23,Lucknow,WH002,Air,CAR06,1409,"?37,651.61",Delivered
SHP000636,POL000636,2025-06-23,2025-06-27,Lucknow,WH005,Road,CAR06,1276,"?10,308.98",Delivered
SHP000637,POL000637,2025-06-22,2025-06-27,Lucknow,WH005,Rail,CAR07,1276,"?1,399.56",Delivered
SHP000638,POL000638,2025-06-21,2025-07-02,Lucknow,WH005,Rail,CAR08,1276,"?3,587.97",Delivered
SHP000639,POL000639,2025-06-23,2025-07-01,Lucknow,WH005,Air,CAR01,1276,"?37,529.94",delivered
SHP000640,POL000640,2025-06-04,2025-06-17,Surat,WH003,Road,CAR06,1106,"?23,904.41",Delivered
SHP000641,POL000641,2025-06-07,2025-06-11,Surat,WH003,Road,CAR05,1106,"?11,501.66",Delivered
SHP000642,POL000642,2025-06-04,2025-06-07,Surat,WH003,AIR,CAR01,1106,"?48,182.34",Delivered
SHP000643,POL000643,2025-06-07,2025-06-14,Surat,WH003,Road,CAR03,1106,"?14,786.45",Delivered
SHP000644,POL000644,2025-06-25,2025-07-03,Vadodara,WH003,Rail,CAR08,955,"?7,152.14",Delivered
SHP000645,POL000645,2025-06-24,2025-07-06,Vadodara,WH003,road,CAR08,955,"?17,566.39",Delivered
SHP000646,POL000646,2025-06-26,2025-06-29,Vadodara,WH003,Rail,CAR03,955,"?1,940.68",Delivered
SHP000647,POL000647,2025-06-20,2025-06-29,Coimbatore,WH008,Road,CAR02,1060,"?4,145.70",Delivered
SHP000648,POL000648,2025-06-20,2025-06-30,Coimbatore,WH008,Air,CAR01,1060,"?9,900.80",delivered
SHP000649,POL000649,2025-06-27,2025-07-06,Kolkata,WH002,Rail,CAR08,1952,?900.00,Delivered
SHP000650,POL000650,2025-06-25,2025-07-03,Kolkata,WH002,Road,CAR04,1952,"?20,531.29",Delivered
SHP000651,POL000651,2025-06-25,2025-07-04,Kolkata,WH002,Road,CAR03,1952,"?3,064.76",Delivered
SHP000652,POL000652,2025-06-27,2025-07-05,Kolkata,WH002,Road,CAR03,1952,"?6,429.04",Delivered
SHP000653,POL000653,2025-06-06,2025-06-17,Bengaluru,WH009,Road,CAR08,1459,"?7,882.38",Delivered
SHP000654,POL000654,2025-06-06,2025-06-22,Bengaluru,WH009,Air,CAR06,1459,"?39,491.88",Delivered
SHP000655,POL000655,2025-06-08,2025-06-15,Bengaluru,WH009,Road,CAR08,1459,"?24,012.08",Delivered
SHP000656,POL000656,2025-06-07,2025-06-15,Bengaluru,WH009,Road,CAR06,1459,"?43,029.07",Delivered
SHP000657,POL000657,2025-06-17,2025-06-22,Mumbai,WH001,Road,CAR05,601,"?27,067.06",Delivered
SHP000658,POL000658,2025-06-18,2025-06-26,Mumbai,WH001,Road,CAR08,601,?900.00,Delivered
SHP000659,POL000659,2025-06-10,2025-06-14,Hyderabad,WH005,Road,CAR08,80,?900.00,Delivered
SHP000660,POL000660,2025-06-09,2025-06-13,Hyderabad,WH005,Road,CAR02,80,?900.00,Delivered
SHP000661,POL000661,2025-06-08,2025-06-22,Hyderabad,WH005,Road,CAR08,80,?900.00,Delivered
SHP000662,POL000662,2025-06-25,,Rajkot,WH009,Road,CAR08,234,?0.00,Cancelled
SHP000663,POL000663,2025-06-25,2025-07-05,Rajkot,WH009,Road,CAR06,234,?900.00,Delivered
SHP000664,POL000664,2025-06-26,2025-07-04,Rajkot,WH009,Road,CAR03,234,?900.00,Delivered
SHP000665,POL000665,2025-06-26,2025-07-07,Rajkot,WH009,Air,CAR01,234,?990.54,Delivered
SHP000666,POL000666,2025-06-21,2025-06-29,Ludhiana,WH002,Rail,CAR07,1591,"?14,478.57",Delivered
SHP000667,POL000667,2025-06-22,2025-06-30,Ludhiana,WH002,Road,CAR05,1591,"?10,172.66",Delivered
SHP000668,POL000668,2025-06-22,2025-06-30,Ludhiana,WH002,Air,CAR06,1591,?900.00,Delivered
SHP000669,POL000669,2025-06-24,2025-06-28,Gurugram,WH009,Road,CAR03,886,"?3,013.43",Delivered
SHP000670,POL000670,2025-06-25,2025-06-29,Gurugram,WH009,Road,CAR02,886,"?4,449.49",Delivered
SHP000671,POL000671,2025-06-22,2025-06-27,Gurugram,WH009,Road,CAR03,886,"?2,247.11",Delivered
SHP000672,POL000672,2025-06-22,2025-07-02,Gurugram,WH009,Road,CAR05,886,?900.00,Delivered
SHP000673,POL000673,2025-06-07,2025-06-10,Indore,WH005,Road,CAR08,771,?992.39,Delivered
SHP000674,POL000674,2025-06-07,2025-06-14,Indore,WH005,Road,CAR08,771,"?2,658.75",Delivered
SHP000675,POL000675,2025-06-08,2025-06-13,Indore,WH005,Rail,CAR08,771,"?1,679.29",Delivered
SHP000676,POL000676,2025-06-11,2025-06-14,Bengaluru,WH009,AIR,CAR01,1459,"?57,931.35",Delivered
SHP000677,POL000677,2025-06-09,2025-06-19,Bengaluru,WH009,Road,CAR04,1459,"?9,762.52",Delivered
SHP000678,POL000678,2025-06-11,2025-06-19,Bengaluru,WH009,Road,CAR06,1459,?941.65,Delivered
SHP000679,POL000679,2025-06-03,2025-06-15,Bhopal,WH010,Road,CAR05,630,"?11,757.20",Delivered
SHP000680,POL000680,2025-06-04,2025-06-13,Bhopal,WH010,Rail,CAR08,630,"?1,916.23",Delivered
SHP000681,POL000681,2025-06-21,2025-06-23,Surat,WH007,Road,CAR03,1899,"?5,084.09",Delivered
SHP000682,POL000682,2025-06-18,2025-06-27,Surat,WH007,Road,CAR04,1899,"?7,674.45",Delivered
SHP000683,POL000683,2025-06-20,2025-06-30,Surat,WH007,Rail,CAR08,1899,"?9,195.92",Delivered
SHP000684,POL000684,2025-06-18,2025-06-29,Surat,WH007,Air,CAR01,1899,"?89,361.66",Delivered
SHP000685,POL000685,2025-06-15,2025-06-24,Ludhiana,WH001,Road,CAR03,1073,"?7,534.99",Delivered
SHP000686,POL000686,2025-06-18,2025-06-29,Ludhiana,WH001,RAIL,CAR08,1073,"?11,927.24",Delivered
SHP000687,POL000687,2025-06-18,2025-06-27,Ludhiana,WH001,Rail,CAR07,1073,"?2,853.28",Delivered
SHP000688,POL000688,2025-06-17,2025-06-22,Ludhiana,WH001,Rail,CAR08,1073,"?5,828.97",Delivered
SHP000689,POL000689,2025-06-09,2025-06-24,Kochi,WH004,Road,CAR05,433,"?2,005.20",Delivered
SHP000690,POL000690,2025-06-10,2025-06-17,Kochi,WH004,Road,CAR02,433,"?4,120.22",Delivered
SHP000691,POL000691,2025-06-22,2025-06-25,Lucknow,WH001,Road,CAR02,812,?900.00,Delivered
SHP000692,POL000692,2025-06-20,2025-06-23,Lucknow,WH001,Air,CAR01,812,"?35,315.62",Delivered
SHP000693,POL000693,2025-06-20,2025-06-27,Lucknow,WH001,Road,CAR08,812,"?4,129.96",Delivered
SHP000694,POL000694,2025-06-21,2025-06-28,Lucknow,WH001,Road,CAR03,812,"?1,013.06",Delivered
SHP000695,POL000695,2025-06-25,2025-07-05,Ludhiana,WH002,Rail,CAR03,1591,"?5,197.79",Delivered
SHP000696,POL000696,2025-06-28,2025-07-06,Ludhiana,WH002,ROAD,CAR04,1591,"?16,774.92",Delivered
SHP000697,POL000697,2025-06-28,2025-06-30,Ludhiana,WH002,Air,CAR01,1591,"?139,902.36",Delivered
SHP000698,POL000698,2025-06-26,2025-07-04,Ludhiana,WH002,Road,CAR06,1591,"?31,862.68",Delivered
SHP000699,POL000699,2025-06-14,2025-06-18,Kolkata,WH010,Rail,CAR03,1046,"?23,707.82",delivered
SHP000700,POL000700,2025-06-12,2025-06-26,Kolkata,WH010,Road,CAR02,1046,"?22,080.35",Delivered
SHP000701,POL000701,2025-06-12,2025-06-14,Kolkata,WH010,Road,CAR02,1046,"?9,371.07",Delivered
SHP000702,POL000702,2025-07-16,2025-07-20,Bengaluru,WH005,Road,CAR06,589,"?6,774.98",Delivered
SHP000703,POL000703,2025-07-15,2025-07-23,Bengaluru,WH005,Air,CAR06,589,"?52,579.13",Delivered
SHP000704,POL000704,2025-07-17,2025-07-28,Bengaluru,WH005,Road,CAR08,589,?900.00,Delivered
SHP000705,POL000705,2025-07-22,2025-08-01,Surat,WH006,Air,CAR06,1412,"?146,859.14",Delivered
SHP000706,POL000706,2025-07-22,2025-08-02,Surat,WH006,Road,CAR08,1412,?900.00,Delivered
SHP000707,POL000707,2025-07-22,2025-07-30,Surat,WH006,Road,CAR06,1412,"?1,721.62",Delivered
SHP000708,POL000708,2025-07-06,2025-07-13,Mumbai,WH005,Road,CAR03,733,?900.00,Delivered
SHP000709,POL000709,2025-07-06,,Mumbai,WH005,Road,CAR05,733,?0.00,Cancelled
SHP000710,POL000710,2025-07-03,2025-07-13,Kolkata,WH003,Air,CAR01,1538,"?81,013.90",Delivered
SHP000711,POL000711,2025-07-04,2025-07-11,Kolkata,WH003,Rail,CAR03,1538,"?18,233.35",Delivered
SHP000712,POL000712,2025-07-05,2025-07-08,Kolkata,WH003,Road,CAR02,1538,"?9,548.40",Delivered
SHP000713,POL000713,2025-07-05,2025-07-06,Kolkata,WH003,Road,CAR05,1538,"?39,726.89",Delivered
SHP000714,POL000714,2025-07-10,2025-07-25,Delhi,WH001,Road,CAR03,789,"?2,857.58",Delivered
SHP000715,POL000715,2025-07-10,2025-07-25,Delhi,WH001,Road,CAR02,789,"?4,611.67",Delivered
SHP000716,POL000716,2025-07-10,2025-07-19,Coimbatore,WH005,Rail,CAR03,857,"?3,018.66",Delivered
SHP000717,POL000717,2025-07-09,2025-07-17,Coimbatore,WH005,Air,CAR06,857,"?97,711.37",Delivered
SHP000718,POL000718,2025-07-07,2025-07-18,Coimbatore,WH005,Road,CAR08,857,"?1,664.43",Delivered
SHP000719,POL000719,2025-07-11,2025-07-18,Vadodara,WH005,Road,CAR02,919,"?1,786.54",Delivered
SHP000720,POL000720,2025-07-11,2025-07-21,Vadodara,WH005,Air,CAR01,919,"?7,932.22",Delivered
SHP000721,POL000721,2025-07-10,2025-07-20,Vadodara,WH005,Air,CAR06,919,"?31,323.34",Delivered
SHP000722,POL000722,2025-07-08,2025-07-15,Vadodara,WH005,Air,CAR06,919,"?13,744.71",Delivered
SHP000723,POL000723,2025-07-17,2025-07-22,Coimbatore,WH010,Rail,CAR07,2134,"?24,224.64",Delivered
SHP000724,POL000724,2025-07-17,2025-07-21,Coimbatore,WH010,Road,CAR04,2134,"?80,319.39",Delivered
SHP000725,POL000725,2025-07-17,2025-07-22,Coimbatore,WH010,Road,CAR04,2134,"?10,604.54",Delivered
SHP000726,POL000726,2025-07-18,2025-08-02,Kochi,WH010,Road,CAR04,2293,"?34,501.19",Delivered
SHP000727,POL000727,2025-07-16,2025-07-28,Kochi,WH010,Rail,CAR07,2293,"?1,422.08",Delivered
SHP000728,POL000728,2025-07-16,2025-07-26,Kochi,WH010,Road,CAR06,2293,"?42,480.85",Delivered
SHP000729,POL000729,2025-07-15,2025-07-25,Kochi,WH010,Rail,CAR08,2293,"?10,875.04",Delivered
SHP000730,POL000730,2025-07-25,2025-07-28,Coimbatore,WH006,Road,CAR05,504,"?11,113.09",Delivered
SHP000731,POL000731,2025-07-25,2025-07-31,Coimbatore,WH006,Road,CAR05,504,"?5,059.86",Delivered
SHP000732,POL000732,2025-07-24,2025-07-31,Coimbatore,WH006,Road,CAR03,504,"?7,398.46",Delivered
SHP000733,POL000733,2025-07-12,2025-07-18,Hyderabad,WH001,Road,CAR05,771,"?1,257.32",Delivered
SHP000734,POL000734,2025-07-15,2025-07-18,Hyderabad,WH001,Road,CAR08,771,"?6,775.18",Delivered
SHP000735,POL000735,2025-07-12,2025-08-01,Hyderabad,WH001,Road,CAR06,771,"?6,783.68",Delivered
SHP000736,POL000736,2025-07-16,2025-07-27,Rajkot,WH005,Air,CAR06,1146,"?4,518.03",Delivered
SHP000737,POL000737,2025-07-16,2025-07-29,Rajkot,WH005,Rail,CAR03,1146,"?2,268.62",Delivered
SHP000738,POL000738,2025-07-16,2025-07-22,Rajkot,WH005,Road,CAR08,1146,"?1,409.35",Delivered
SHP000739,POL000739,2025-07-09,2025-07-16,Gurugram,WH002,Rail,CAR03,1327,"?2,590.64",Delivered
SHP000740,POL000740,2025-07-11,2025-07-17,Gurugram,WH002,Rail,CAR03,1327,"?20,028.47",Delivered
SHP000741,POL000741,2025-07-10,2025-07-12,Gurugram,WH002,Air,CAR01,1327,"?17,101.18",Delivered
SHP000742,POL000742,2025-07-12,2025-07-18,Gurugram,WH002,Rail,CAR08,1327,"?9,045.53",Delivered
SHP000743,POL000743,2025-07-03,2025-07-09,Bengaluru,WH008,Road,CAR06,867,"?11,086.54",Delivered
SHP000744,POL000744,2025-07-05,2025-07-17,Bengaluru,WH008,ROAD,CAR02,867,"?3,367.57",Delivered
SHP000745,POL000745,2025-07-04,2025-07-05,Surat,WH005,Road,CAR03,858,"?1,955.09",Delivered
SHP000746,POL000746,2025-07-05,2025-07-08,Surat,WH005,Road,CAR05,858,?900.00,Delivered
SHP000747,POL000747,2025-07-02,2025-07-05,Surat,WH005,Road,CAR02,858,"?7,693.89",Delivered
SHP000748,POL000748,2025-07-04,2025-07-10,Coimbatore,WH004,Road,CAR03,269,?900.00,Delivered
SHP000749,POL000749,2025-07-04,2025-07-15,Coimbatore,WH004,Air,CAR06,269,"?4,307.16",Delivered
SHP000750,POL000750,2025-07-04,2025-07-20,Coimbatore,WH004,Rail,CAR07,269,?900.00,delivered
SHP000751,POL000751,2025-07-06,2025-07-12,Jaipur,WH008,Road,CAR08,1125,"?7,498.49",Delivered
SHP000752,POL000752,2025-07-09,2025-07-19,Jaipur,WH008,Road,CAR06,1125,"?6,357.61",Delivered
SHP000753,POL000753,2025-07-09,2025-07-13,Chennai,WH007,Road,CAR04,1602,"?8,696.75",Delivered
SHP000754,POL000754,2025-07-12,2025-07-21,Chennai,WH007,Road,CAR05,1602,"?9,172.77",Delivered
SHP000755,POL000755,2025-07-26,2025-08-06,Lucknow,WH008,Air,CAR01,1388,"?78,047.52",Delivered
SHP000756,POL000756,2025-07-25,2025-07-28,Lucknow,WH008,Road,CAR03,1388,"?10,484.81",Delivered
SHP000757,POL000757,2025-07-24,2025-08-02,Lucknow,WH008,Rail,CAR07,1388,?900.00,Delivered
SHP000758,POL000758,2025-07-20,2025-08-02,Coimbatore,WH002,Road,CAR03,1176,"?12,684.00",Delivered
SHP000759,POL000759,2025-07-21,2025-08-03,Coimbatore,WH002,Road,CAR05,1176,"?8,937.10",Delivered
SHP000760,POL000760,2025-07-22,2025-07-28,Coimbatore,WH002,Road,CAR03,1176,"?11,888.49",Delivered
SHP000761,POL000761,2025-07-06,2025-07-10,Bengaluru,WH007,Road,CAR04,1841,"?18,383.96",Delivered
SHP000762,POL000762,2025-07-06,2025-07-16,Bengaluru,WH007,Road,CAR05,1841,"?59,419.93",Delivered
SHP000763,POL000763,2025-07-03,2025-07-16,Bengaluru,WH007,Rail,CAR08,1841,"?34,433.96",Delivered
SHP000764,POL000764,2025-07-10,2025-07-11,Surat,WH008,Road,CAR02,369,"?3,632.11",Delivered
SHP000765,POL000765,2025-07-09,2025-07-10,Surat,WH008,Air,CAR06,369,"?9,109.99",Delivered
SHP000766,POL000766,2025-07-11,2025-07-16,Surat,WH008,Road,CAR06,369,"?8,275.95",Delivered
SHP000767,POL000767,2025-07-11,2025-07-19,Surat,WH008,Road,CAR08,369,?900.00,Delivered
SHP000768,POL000768,2025-07-22,2025-08-04,Vadodara,WH009,Road,CAR04,119,"?1,701.89",Delivered
SHP000769,POL000769,2025-07-23,2025-08-01,Vadodara,WH009,Road,CAR05,119,?900.00,Delivered
SHP000770,POL000770,2025-07-21,2025-07-29,Vadodara,WH009,Road,CAR08,119,"?1,992.32",Delivered
SHP000771,POL000771,2025-07-23,2025-08-06,Vadodara,WH009,Air,CAR01,119,"?3,551.39",Delivered
SHP000772,POL000772,2025-07-16,2025-07-20,Jaipur,WH006,Road,CAR03,1896,"?50,446.32",Delivered
SHP000773,POL000773,2025-07-17,2025-07-25,Jaipur,WH006,Road,CAR08,1896,"?20,156.13",Delivered
SHP000774,POL000774,2025-07-23,2025-07-28,Noida,WH007,Rail,CAR08,1515,?900.00,Delivered
SHP000775,POL000775,2025-07-25,2025-08-02,Noida,WH007,Rail,CAR03,1515,"?8,416.44",Delivered
SHP000776,POL000776,2025-07-22,2025-07-29,Noida,WH007,Rail,CAR03,1515,"?8,766.89",Delivered
SHP000777,POL000777,2025-07-24,2025-07-31,Noida,WH007,Road,CAR06,1515,"?26,401.59",Delivered
SHP000778,POL000778,2025-07-23,2025-07-27,Bengaluru,WH005,Road,CAR06,589,"?12,290.60",Delivered
SHP000779,POL000779,2025-07-24,2025-08-02,Bengaluru,WH005,Road,CAR03,589,"?11,855.24",Delivered
SHP000780,POL000780,2025-07-25,2025-08-09,Bengaluru,WH005,Road,CAR06,589,"?5,049.98",delivered
SHP000781,POL000781,2025-07-25,2025-08-03,Pune,WH007,Road,CAR02,1858,"?4,289.75",Delivered
SHP000782,POL000782,2025-07-28,2025-08-01,Pune,WH007,Rail,CAR03,1858,"?40,499.52",Delivered
SHP000783,POL000783,2025-07-03,2025-07-10,Hyderabad,WH010,Road,CAR02,1276,"?18,340.10",Delivered
SHP000784,POL000784,2025-07-02,2025-07-15,Hyderabad,WH010,Road,CAR04,1276,"?22,258.09",Delivered
SHP000785,POL000785,2025-07-03,2025-07-09,Hyderabad,WH010,Rail,CAR03,1276,"?1,587.55",Delivered
SHP000786,POL000786,2025-07-16,2025-07-20,Mumbai,WH010,Rail,CAR03,1409,"?4,595.84",Delivered
SHP000787,POL000787,2025-07-14,2025-07-23,Mumbai,WH010,Road,CAR05,1409,"?8,279.05",Delivered
SHP000788,POL000788,2025-07-16,2025-07-25,Mumbai,WH010,Air,CAR01,1409,"?96,970.09",Delivered
SHP000789,POL000789,2025-07-09,2025-07-11,Surat,WH002,Road,CAR05,274,"?1,053.01",Delivered
SHP000790,POL000790,2025-07-10,2025-07-17,Surat,WH002,Road,CAR02,274,"?2,428.91",Delivered
SHP000791,POL000791,2025-07-09,2025-07-19,Surat,WH002,Road,CAR02,274,"?4,880.77",Delivered
SHP000792,POL000792,2025-07-11,2025-07-20,Rajkot,WH005,Road,CAR08,1146,"?2,178.32",Delivered
SHP000793,POL000793,2025-07-11,2025-07-26,Rajkot,WH005,Road,CAR02,1146,"?2,917.62",Delivered
SHP000794,POL000794,2025-07-10,2025-07-25,Ahmedabad,WH002,Air,CAR06,519,"?6,524.79",Delivered
SHP000795,POL000795,2025-07-09,2025-07-28,Ahmedabad,WH002,Road,CAR06,519,"?4,844.91",Delivered
SHP000796,POL000796,2025-07-07,2025-07-11,Bengaluru,WH007,Road,CAR05,1841,"?22,583.71",Delivered
SHP000797,POL000797,2025-07-10,2025-07-20,Bengaluru,WH007,Air,CAR01,1841,"?64,412.32",Delivered
SHP000798,POL000798,2025-07-26,2025-08-01,Ludhiana,WH003,Road,CAR02,337,"?1,968.94",Delivered
SHP000799,POL000799,2025-07-28,2025-08-06,Ludhiana,WH003,Road,CAR08,337,"?4,322.50",Delivered
SHP000800,POL000800,2025-07-26,2025-08-03,Ludhiana,WH003,Road,CAR06,337,"?7,205.71",Delivered
SHP000801,POL000801,2025-07-04,2025-07-17,Ludhiana,WH007,Road,CAR05,1825,?983.92,Delivered
SHP000802,POL000802,2025-07-06,2025-07-17,Ludhiana,WH007,Air,CAR06,1825,"?114,168.20",Delivered
SHP000803,POL000803,2025-07-06,2025-07-15,Ludhiana,WH007,Rail,CAR03,1825,"?7,284.40",Delivered
SHP000804,POL000804,2025-07-19,2025-07-28,Delhi,WH009,Road,CAR02,915,"?6,289.34",Delivered
SHP000805,POL000805,2025-07-18,2025-07-27,Delhi,WH009,Road,CAR05,915,"?6,203.02",Delivered
SHP000806,POL000806,2025-07-08,2025-07-12,Kolkata,WH003,Road,CAR02,1538,"?7,025.09",Delivered
SHP000807,POL000807,2025-07-10,2025-07-17,Kolkata,WH003,Road,CAR04,1538,"?5,627.28",Delivered
SHP000808,POL000808,2025-07-08,2025-07-18,Kolkata,WH003,Rail,CAR03,1538,?900.00,Delivered
SHP000809,POL000809,2025-07-09,2025-07-10,Kolkata,WH003,Road,CAR08,1538,"?4,999.73",Delivered
SHP000810,POL000810,2025-07-17,2025-07-24,Surat,WH008,Road,CAR08,369,?994.59,Delivered
SHP000811,POL000811,2025-07-16,2025-07-19,Surat,WH008,Road,CAR03,369,"?1,309.02",Delivered
SHP000812,POL000812,2025-07-26,2025-07-30,Hyderabad,WH006,Road,CAR03,607,?900.00,Delivered
SHP000813,POL000813,2025-07-26,2025-07-27,Hyderabad,WH006,Air,CAR06,607,"?3,020.82",Delivered
SHP000814,POL000814,2025-07-17,2025-07-26,Gurugram,WH006,Road,CAR02,2056,"?1,096.92",Delivered
SHP000815,POL000815,2025-07-18,2025-07-21,Gurugram,WH006,Air,CAR06,2056,"?21,323.27",Delivered
SHP000816,POL000816,2025-07-17,2025-07-30,Gurugram,WH006,Rail,CAR08,2056,"?1,083.00",Delivered
SHP000817,POL000817,2025-08-04,2025-08-13,Rajkot,WH003,Rail,CAR08,1122,"?6,182.48",Delivered
SHP000818,POL000818,2025-08-05,2025-08-23,Rajkot,WH003,Road,CAR06,1122,"?15,308.31",Delivered
SHP000819,POL000819,2025-08-06,2025-08-11,Rajkot,WH003,Rail,CAR08,1122,"?2,720.00",Delivered
SHP000820,POL000820,2025-08-03,2025-08-10,Mumbai,WH009,Road,CAR03,519,"?2,450.50",Delivered
SHP000821,POL000821,2025-08-03,2025-08-10,Mumbai,WH009,Road,CAR02,519,"?3,997.25",Delivered
SHP000822,POL000822,2025-08-03,2025-08-10,Mumbai,WH009,Road,CAR06,519,"?8,799.40",Delivered
SHP000823,POL000823,2025-08-05,2025-08-18,Mumbai,WH009,Road,CAR03,519,"?4,047.94",Delivered
SHP000824,POL000824,2025-08-20,2025-08-24,Kolkata,WH008,Rail,CAR08,1858,"?17,240.65",Delivered
SHP000825,POL000825,2025-08-20,2025-08-23,Kolkata,WH008,road,CAR02,1858,"?31,485.74",Delivered
SHP000826,POL000826,2025-08-18,2025-08-31,Kolkata,WH008,Rail,CAR07,1858,"?1,840.09",Delivered
SHP000827,POL000827,2025-08-18,2025-08-24,Kolkata,WH008,Air,CAR06,1858,"?23,928.28",Delivered
SHP000828,POL000828,2025-08-22,2025-09-03,Mumbai,WH002,Road,CAR06,80,"?1,061.52",Delivered
SHP000829,POL000829,2025-08-24,2025-08-30,Mumbai,WH002,Road,CAR02,80,?904.18,Delivered
SHP000830,POL000830,2025-08-17,2025-08-25,Bengaluru,WH007,Road,CAR06,1841,"?45,287.45",Delivered
SHP000831,POL000831,2025-08-14,2025-08-27,Bengaluru,WH007,Road,CAR08,1841,"?40,974.47",Delivered
SHP000832,POL000832,2025-08-15,2025-08-21,Bengaluru,WH007,Road,CAR08,1841,"?20,751.68",Delivered
SHP000833,POL000833,2025-08-18,2025-08-28,Kolkata,WH003,Air,CAR06,1538,"?172,786.20",Delivered
SHP000834,POL000834,2025-08-19,2025-08-23,Kolkata,WH003,Rail,CAR03,1538,"?14,822.68",Delivered
SHP000835,POL000835,2025-08-19,2025-09-02,Hyderabad,WH003,Rail,CAR07,1481,"?30,482.43",Delivered
SHP000836,POL000836,2025-08-21,2025-08-23,Hyderabad,WH003,Road,CAR08,1481,"?9,559.13",Delivered
SHP000837,POL000837,2025-08-20,2025-08-30,Hyderabad,WH003,Air,CAR01,1481,"?57,229.39",Delivered
SHP000838,POL000838,2025-08-04,2025-08-16,Mumbai,WH009,Rail,CAR07,519,?900.00,Delivered
SHP000839,POL000839,2025-08-06,2025-08-15,Mumbai,WH009,Road,CAR08,519,?900.00,Delivered
SHP000840,POL000840,2025-08-06,2025-08-15,Mumbai,WH009,Road,CAR05,519,"?2,916.65",Delivered
SHP000841,POL000841,2025-08-10,2025-08-26,Hyderabad,WH008,Road,CAR08,596,"?1,471.45",Delivered
SHP000842,POL000842,2025-08-11,2025-08-15,Hyderabad,WH008,Road,CAR02,596,"?14,581.86",Delivered
SHP000843,POL000843,2025-08-10,2025-08-18,Hyderabad,WH008,Road,CAR08,596,"?1,625.55",Delivered
SHP000844,POL000844,2025-08-11,2025-08-22,Hyderabad,WH008,Road,CAR02,596,"?1,776.56",Delivered
SHP000845,POL000845,2025-08-16,2025-08-22,Chennai,WH009,Road,CAR03,1618,"?19,478.13",Delivered
SHP000846,POL000846,2025-08-18,2025-08-23,Chennai,WH009,Road,CAR05,1618,"?19,438.24",Delivered
SHP000847,POL000847,2025-08-15,2025-08-24,Pune,WH008,Road,CAR04,80,?900.00,Delivered
SHP000848,POL000848,2025-08-13,2025-08-20,Pune,WH008,Road,CAR06,80,"?1,811.54",Delivered
SHP000849,POL000849,2025-08-18,2025-08-18,Noida,WH003,Road,CAR03,80,?972.84,Delivered
SHP000850,POL000850,2025-08-17,,Noida,WH003,Road,CAR03,80,?0.00,Cancelled
SHP000851,POL000851,2025-08-18,2025-09-02,Noida,WH003,Road,CAR03,80,"?1,021.87",Delivered
SHP000852,POL000852,2025-08-25,,Ludhiana,WH009,Air,CAR06,1102,?0.00,Cancelled
SHP000853,POL000853,2025-08-24,2025-09-06,Ludhiana,WH009,Road,CAR04,1102,"?1,989.95",Delivered
SHP000854,POL000854,2025-08-23,2025-09-01,Ludhiana,WH008,Road,CAR08,1641,"?4,406.60",Delivered
SHP000855,POL000855,2025-08-22,2025-09-04,Ludhiana,WH008,Rail,CAR07,1641,"?37,361.52",Delivered
SHP000856,POL000856,2025-08-23,2025-08-26,Ludhiana,WH008,Road,CAR06,1641,"?12,542.43",Delivered
SHP000857,POL000857,2025-08-04,2025-08-07,Bhopal,WH003,Rail,CAR08,702,"?11,095.42",Delivered
SHP000858,POL000858,2025-08-03,2025-08-15,Bhopal,WH003,Road,CAR04,702,"?1,045.03",Delivered
SHP000859,POL000859,2025-08-02,2025-08-14,Bhopal,WH003,Road,CAR05,702,"?1,329.04",Delivered
SHP000860,POL000860,2025-08-17,2025-08-23,Rajkot,WH008,Road,CAR06,622,?900.00,Delivered
SHP000861,POL000861,2025-08-15,2025-08-27,Rajkot,WH008,Road,CAR06,622,"?15,043.26",Delivered
SHP000862,POL000862,2025-08-14,2025-08-22,Rajkot,WH008,Air,CAR01,622,"?20,972.35",Delivered
SHP000863,POL000863,2025-08-20,2025-08-29,Bhopal,WH005,Road,CAR05,782,"?5,193.54",Delivered
SHP000864,POL000864,2025-08-19,2025-09-01,Bhopal,WH005,Road,CAR03,782,"?1,569.76",Delivered
SHP000865,POL000865,2025-08-24,2025-08-24,Kochi,WH005,Air,CAR06,1018,"?4,294.41",Delivered
SHP000866,POL000866,2025-08-23,2025-08-29,Kochi,WH005,Road,CAR04,1018,"?5,312.26",Delivered
SHP000867,POL000867,2025-08-21,2025-08-27,Kochi,WH009,Road,CAR02,1779,"?20,940.68",Delivered
SHP000868,POL000868,2025-08-24,2025-09-07,Kochi,WH009,Air,CAR06,1779,"?101,001.87",Delivered
SHP000869,POL000869,2025-08-27,2025-09-03,Hyderabad,WH002,Road,CAR08,733,"?1,316.66",Delivered
SHP000870,POL000870,2025-08-26,,Hyderabad,WH002,Road,CAR04,733,?0.00,Cancelled
SHP000871,POL000871,2025-08-18,2025-08-28,Surat,WH003,Road,CAR02,1106,"?15,782.53",Delivered
SHP000872,POL000872,2025-08-17,2025-08-24,Surat,WH003,Road,CAR02,1106,"?40,301.76",Delivered
SHP000873,POL000873,2025-08-19,2025-08-24,Surat,WH003,Road,CAR02,1106,"?24,542.58",Delivered
SHP000874,POL000874,2025-08-02,2025-08-11,Noida,WH003,Road,CAR04,80,?900.00,Delivered
SHP000875,POL000875,2025-08-04,2025-08-09,Noida,WH003,Road,CAR04,80,?900.00,Delivered
SHP000876,POL000876,2025-08-09,2025-08-18,Ludhiana,WH006,Rail,CAR03,2398,"?10,192.14",Delivered
SHP000877,POL000877,2025-08-09,2025-08-29,Ludhiana,WH006,Road,CAR03,2398,"?40,542.94",Delivered
SHP000878,POL000878,2025-08-09,2025-08-21,Ludhiana,WH006,Air,CAR06,2398,"?214,881.61",Delivered
SHP000879,POL000879,2025-08-14,2025-08-20,Ludhiana,WH010,Air,CAR06,790,"?60,677.88",Delivered
SHP000880,POL000880,2025-08-12,2025-08-22,Ludhiana,WH010,Road,CAR02,790,"?1,110.68",Delivered
SHP000881,POL000881,2025-08-08,2025-08-18,Coimbatore,WH007,Rail,CAR07,2083,"?28,949.57",Delivered
SHP000882,POL000882,2025-08-07,2025-08-23,Coimbatore,WH007,Air,CAR06,2083,"?123,898.02",Delivered
SHP000883,POL000883,2025-08-24,2025-08-31,Vadodara,WH003,Road,CAR08,955,"?9,627.60",Delivered
SHP000884,POL000884,2025-08-23,2025-08-26,Vadodara,WH003,Road,CAR05,955,"?37,778.11",Delivered
SHP000885,POL000885,2025-08-23,2025-08-31,Vadodara,WH003,Road,CAR05,955,"?9,727.56",Delivered
SHP000886,POL000886,2025-08-23,2025-08-31,Vadodara,WH003,Road,CAR04,955,"?5,718.08",Delivered
SHP000887,POL000887,2025-08-25,2025-08-31,Rajkot,WH001,Road,CAR08,615,"?3,557.32",Delivered
SHP000888,POL000888,2025-08-22,2025-09-01,Rajkot,WH001,Air,CAR06,615,?900.00,Delivered
SHP000889,POL000889,2025-08-22,2025-08-30,Rajkot,WH001,Air,CAR01,615,"?46,438.87",Delivered
SHP000890,POL000890,2025-08-25,2025-08-27,Rajkot,WH001,Rail,CAR03,615,"?4,467.39",Delivered
SHP000891,POL000891,2025-08-21,2025-08-26,Vadodara,WH005,Road,CAR06,919,"?46,024.03",Delivered
SHP000892,POL000892,2025-08-21,2025-09-03,Vadodara,WH005,Road,CAR08,919,"?32,946.21",delivered
SHP000893,POL000893,2025-08-24,2025-08-27,Vadodara,WH005,Rail,CAR07,919,"?3,684.83",Delivered
SHP000894,POL000894,2025-08-22,2025-09-02,Vadodara,WH005,Rail,CAR07,919,"?9,896.62",Delivered
SHP000895,POL000895,2025-08-11,2025-08-23,Bhopal,WH009,Road,CAR04,584,"?5,963.28",Delivered
SHP000896,POL000896,2025-08-11,2025-08-18,Bhopal,WH009,Road,CAR06,584,"?23,923.64",Delivered
SHP000897,POL000897,2025-08-12,2025-08-16,Coimbatore,WH008,Road,CAR06,1060,"?11,238.59",Delivered
SHP000898,POL000898,2025-08-11,2025-08-15,Coimbatore,WH008,Road,CAR05,1060,"?9,799.10",Delivered
SHP000899,POL000899,2025-08-10,2025-08-26,Coimbatore,WH008,Air,CAR06,1060,"?75,255.60",Delivered
SHP000900,POL000900,2025-08-10,2025-08-14,Coimbatore,WH008,Road,CAR05,1060,"?2,021.76",Delivered
SHP000901,POL000901,2025-08-25,2025-09-05,Ludhiana,WH005,Road,CAR02,1800,"?17,633.16",Delivered
SHP000902,POL000902,2025-08-24,2025-09-05,Ludhiana,WH005,Road,CAR05,1800,"?2,142.17",Delivered
SHP000903,POL000903,2025-08-24,,Mumbai,WH003,Air,CAR01,1354,?0.00,Cancelled
SHP000904,POL000904,2025-08-24,2025-08-28,Mumbai,WH003,Air,CAR01,1354,"?247,635.12",Delivered
SHP000905,POL000905,2025-08-25,2025-09-03,Indore,WH002,Road,CAR02,601,"?6,261.03",Delivered
SHP000906,POL000906,2025-08-23,2025-08-30,Indore,WH002,Road,CAR05,601,"?7,260.46",Delivered
SHP000907,POL000907,2025-08-10,2025-08-20,Hyderabad,WH007,Road,CAR08,1394,"?9,748.54",Delivered
SHP000908,POL000908,2025-08-10,2025-08-19,Hyderabad,WH007,Air,CAR01,1394,"?39,670.45",Delivered
SHP000909,POL000909,2025-08-26,2025-09-04,Indore,WH004,Rail,CAR03,1297,"?4,768.71",Delivered
SHP000910,POL000910,2025-08-27,2025-09-04,Indore,WH004,Road,CAR03,1297,"?31,622.96",Delivered
SHP000911,POL000911,2025-08-28,2025-09-01,Indore,WH004,Rail,CAR03,1297,"?24,365.31",Delivered
SHP000912,POL000912,2025-08-25,2025-09-03,Coimbatore,WH008,Road,CAR05,1060,"?7,611.06",Delivered
SHP000913,POL000913,2025-08-25,2025-08-28,Coimbatore,WH008,Rail,CAR07,1060,"?3,999.15",Delivered
SHP000914,POL000914,2025-08-22,2025-08-31,Coimbatore,WH008,Road,CAR06,1060,"?11,894.56",Delivered
SHP000915,POL000915,2025-08-25,2025-09-01,Coimbatore,WH008,Air,CAR06,1060,"?88,023.84",Delivered
SHP000916,POL000916,2025-08-06,2025-08-20,Chennai,WH005,Road,CAR03,607,"?11,088.79",Delivered
SHP000917,POL000917,2025-08-06,2025-08-19,Chennai,WH005,Road,CAR08,607,"?2,247.00",Delivered
SHP000918,POL000918,2025-08-06,2025-08-17,Chennai,WH005,Road,CAR08,607,"?1,064.63",Delivered
SHP000919,POL000919,2025-08-22,2025-08-29,Hyderabad,WH001,Air,CAR01,771,"?10,924.76",Delivered
SHP000920,POL000920,2025-08-21,2025-09-01,Hyderabad,WH001,Road,CAR05,771,"?3,891.75",Delivered
SHP000921,POL000921,2025-08-03,2025-08-06,Bengaluru,WH002,Road,CAR05,997,"?3,440.62",Delivered
SHP000922,POL000922,2025-08-06,2025-08-12,Bengaluru,WH002,Road,CAR03,997,"?14,708.25",Delivered
SHP000923,POL000923,2025-08-06,2025-08-16,Bengaluru,WH002,Rail,CAR03,997,"?6,774.88",Delivered
SHP000924,POL000924,2025-08-21,2025-08-27,Pune,WH008,Road,CAR02,80,?900.00,Delivered
SHP000925,POL000925,2025-08-22,2025-08-31,Pune,WH008,Road,CAR08,80,?900.00,Delivered
SHP000926,POL000926,2025-09-18,2025-10-01,Kolkata,WH009,Road,CAR05,1910,"?30,658.89",Delivered
SHP000927,POL000927,2025-09-20,2025-09-22,Kolkata,WH009,Road,CAR02,1910,"?29,867.51",Delivered
SHP000928,POL000928,2025-09-20,2025-09-23,Kolkata,WH009,Rail,CAR07,1910,"?10,139.83",Delivered
SHP000929,POL000929,2025-09-17,2025-09-26,Kolkata,WH009,Air,CAR06,1910,"?33,353.31",Delivered
SHP000930,POL000930,2025-09-21,2025-09-28,Delhi,WH010,Road,CAR04,492,"?5,578.95",Delivered
SHP000931,POL000931,2025-09-21,2025-10-03,Delhi,WH010,Road,CAR05,492,"?2,115.41",Delivered
SHP000932,POL000932,2025-09-20,2025-09-30,Surat,WH002,Road,CAR03,274,?900.00,Delivered
SHP000933,POL000933,2025-09-18,2025-09-28,Surat,WH002,Road,CAR02,274,"?2,045.14",Delivered
SHP000934,POL000934,2025-09-17,2025-09-30,Surat,WH002,Road,CAR08,274,"?2,067.42",Delivered
SHP000935,POL000935,2025-09-06,2025-09-19,Bengaluru,WH002,Road,CAR02,997,"?1,421.32",Delivered
SHP000936,POL000936,2025-09-04,2025-09-14,Bengaluru,WH002,Road,CAR05,997,"?4,235.20",Delivered
SHP000937,POL000937,2025-09-20,2025-09-24,Kochi,WH001,Road,CAR04,1678,"?19,453.55",Delivered
SHP000938,POL000938,2025-09-20,2025-09-24,Kochi,WH001,Road,CAR06,1678,"?4,580.55",Delivered
SHP000939,POL000939,2025-09-18,2025-10-01,Kochi,WH001,Rail,CAR03,1678,"?2,219.92",Delivered
SHP000940,POL000940,2025-09-18,2025-09-29,Kochi,WH001,Air,CAR01,1678,"?115,232.19",Delivered
SHP000941,POL000941,2025-09-16,2025-09-24,Rajkot,WH007,Air,CAR06,2128,"?5,822.59",Delivered
SHP000942,POL000942,2025-09-19,2025-09-20,Rajkot,WH007,Rail,CAR07,2128,"?11,590.58",Delivered
SHP000943,POL000943,2025-09-19,2025-09-22,Rajkot,WH007,Air,CAR01,2128,"?128,128.03",Delivered
SHP000944,POL000944,2025-09-18,2025-09-23,Rajkot,WH007,Road,CAR06,2128,"?39,377.12",Delivered
SHP000945,POL000945,2025-09-05,2025-09-11,Indore,WH004,Road,CAR05,1297,"?9,630.68",Delivered
SHP000946,POL000946,2025-09-03,2025-09-05,Indore,WH004,Road,CAR06,1297,"?5,349.50",Delivered
SHP000947,POL000947,2025-09-22,2025-10-02,Surat,WH004,Road,CAR05,1230,"?4,278.46",Delivered
SHP000948,POL000948,2025-09-24,2025-09-30,Surat,WH004,Road,CAR05,1230,"?5,187.82",Delivered
SHP000949,POL000949,2025-09-22,2025-10-04,Surat,WH004,Road,CAR04,1230,"?30,411.98",Delivered
SHP000950,POL000950,2025-09-13,2025-09-16,Ahmedabad,WH002,Road,CAR06,519,"?1,561.83",Delivered
SHP000951,POL000951,2025-09-14,2025-09-24,Ahmedabad,WH002,Road,CAR05,519,"?11,177.70",Delivered
SHP000952,POL000952,2025-09-15,2025-09-30,Ahmedabad,WH002,Road,CAR08,519,"?7,093.94",Delivered
SHP000953,POL000953,2025-09-14,2025-09-25,Ahmedabad,WH002,Road,CAR02,519,"?12,924.59",Delivered
SHP000954,POL000954,2025-09-26,2025-10-03,Mumbai,WH009,Rail,CAR07,519,?900.00,Delivered
SHP000955,POL000955,2025-09-28,2025-10-03,Mumbai,WH009,Air,CAR01,519,"?28,311.30",Delivered
SHP000956,POL000956,2025-09-25,2025-10-14,Mumbai,WH009,Road,CAR08,519,"?2,268.65",Delivered
SHP000957,POL000957,2025-09-21,2025-09-23,Hyderabad,WH009,Road,CAR05,1037,"?4,853.94",Delivered
SHP000958,POL000958,2025-09-21,2025-10-07,Hyderabad,WH009,rail,CAR03,1037,"?18,618.93",Delivered
SHP000959,POL000959,2025-09-21,2025-09-28,Hyderabad,WH009,Road,CAR05,1037,"?40,057.59",Delivered
SHP000960,POL000960,2025-09-09,2025-09-20,Vadodara,WH003,Rail,CAR03,955,"?1,003.35",Delivered
SHP000961,POL000961,2025-09-09,2025-09-14,Vadodara,WH003,Road,CAR03,955,"?24,605.19",Delivered
SHP000962,POL000962,2025-09-09,2025-09-16,Delhi,WH002,Rail,CAR07,1354,?900.00,Delivered
SHP000963,POL000963,2025-09-09,2025-09-19,Delhi,WH002,Road,CAR06,1354,"?19,144.34",Delivered
SHP000964,POL000964,2025-09-08,2025-09-18,Delhi,WH002,Road,CAR04,1354,"?6,903.19",Delivered
SHP000965,POL000965,2025-09-11,2025-09-16,Delhi,WH002,Road,CAR08,1354,"?3,167.09",Delivered
SHP000966,POL000966,2025-09-24,2025-10-05,Vadodara,WH010,rail,CAR03,1101,"?4,542.73",Delivered
SHP000967,POL000967,2025-09-26,2025-10-02,Vadodara,WH010,Road,CAR06,1101,"?31,915.10",Delivered
SHP000968,POL000968,2025-09-17,2025-09-22,Surat,WH003,Rail,CAR03,1106,"?6,399.10",Delivered
SHP000969,POL000969,2025-09-16,2025-09-22,Surat,WH003,Road,CAR02,1106,"?3,039.82",Delivered
SHP000970,POL000970,2025-09-23,2025-10-04,Coimbatore,WH006,Road,CAR04,504,"?5,133.83",Delivered
SHP000971,POL000971,2025-09-25,2025-09-29,Coimbatore,WH006,Road,CAR03,504,"?1,838.55",Delivered
SHP000972,POL000972,2025-09-26,2025-10-04,Coimbatore,WH006,Road,CAR06,504,"?3,818.51",Delivered
SHP000973,POL000973,2025-09-16,2025-09-24,Mumbai,WH001,Road,CAR02,601,"?3,312.26",Delivered
SHP000974,POL000974,2025-09-17,2025-09-22,Mumbai,WH001,Road,CAR06,601,"?7,347.01",Delivered
SHP000975,POL000975,2025-09-07,2025-09-14,Kolkata,WH005,Air,CAR06,1394,"?24,739.01",Delivered
SHP000976,POL000976,2025-09-07,2025-09-13,Kolkata,WH005,Rail,CAR07,1394,"?2,004.41",Delivered
SHP000977,POL000977,2025-09-09,2025-09-18,Kolkata,WH005,Rail,CAR07,1394,"?1,004.90",Delivered
SHP000978,POL000978,2025-09-17,2025-09-19,Indore,WH006,Road,CAR03,1378,"?6,075.51",Delivered
SHP000979,POL000979,2025-09-15,2025-09-28,Indore,WH006,Road,CAR06,1378,"?4,373.64",Delivered
SHP000980,POL000980,2025-09-08,2025-09-22,Kolkata,WH009,Road,CAR06,1910,"?15,194.25",Delivered
SHP000981,POL000981,2025-09-08,2025-09-10,Kolkata,WH009,Rail,CAR08,1910,"?23,769.09",Delivered
SHP000982,POL000982,2025-09-08,2025-09-17,Kolkata,WH009,Road,CAR06,1910,"?14,244.71",Delivered
SHP000983,POL000983,2025-09-10,2025-09-24,Rajkot,WH009,Road,CAR05,234,?900.00,Delivered
SHP000984,POL000984,2025-09-12,2025-09-27,Rajkot,WH009,Air,CAR06,234,?999.75,Delivered
SHP000985,POL000985,2025-09-22,2025-09-26,Delhi,WH008,Road,CAR05,1384,"?20,239.70",Delivered
SHP000986,POL000986,2025-09-24,2025-10-02,Delhi,WH008,Road,CAR06,1384,"?13,026.84",Delivered
SHP000987,POL000987,2025-09-21,2025-09-30,Delhi,WH008,Rail,CAR03,1384,"?1,868.81",Delivered
SHP000988,POL000988,2025-09-23,2025-10-04,Delhi,WH008,Air,CAR01,1384,"?57,087.84",Delivered
SHP000989,POL000989,2025-09-24,2025-10-03,Surat,WH003,road,CAR02,1106,"?24,768.21",Delivered
SHP000990,POL000990,2025-09-25,2025-09-30,Surat,WH003,Road,CAR06,1106,"?16,453.58",Delivered
SHP000991,POL000991,2025-09-06,2025-09-17,Surat,WH005,Road,CAR04,858,"?3,846.90",Delivered
SHP000992,POL000992,2025-09-09,2025-09-15,Surat,WH005,Air,CAR06,858,"?8,027.02",Delivered
SHP000993,POL000993,2025-09-05,2025-09-14,Coimbatore,WH008,Rail,CAR03,1060,"?13,539.78",Delivered
SHP000994,POL000994,2025-09-03,2025-09-15,Coimbatore,WH008,Rail,CAR07,1060,"?4,377.36",Delivered
SHP000995,POL000995,2025-09-04,2025-09-09,Coimbatore,WH008,Air,CAR01,1060,"?18,580.68",Delivered
SHP000996,POL000996,2025-09-14,2025-09-21,Coimbatore,WH001,Rail,CAR03,1541,"?5,665.59",Delivered
SHP000997,POL000997,2025-09-14,2025-09-30,Coimbatore,WH001,Road,CAR06,1541,"?3,225.57",Delivered
SHP000998,POL000998,2025-09-23,2025-10-03,Kolkata,WH002,Air,CAR01,1952,"?73,167.91",Delivered
SHP000999,POL000999,2025-09-23,2025-10-09,Kolkata,WH002,Rail,CAR07,1952,"?1,329.43",Delivered
SHP001000,POL001000,2025-09-16,2025-09-22,Vadodara,WH009,Road,CAR06,119,"?1,725.70",Delivered
SHP001001,POL001001,2025-09-13,2025-09-25,Vadodara,WH009,Road,CAR04,119,?900.00,Delivered
SHP001002,POL001002,2025-09-16,2025-09-25,Vadodara,WH009,Road,CAR04,119,"?3,705.52",Delivered
SHP001003,POL001003,2025-09-08,2025-09-13,Lucknow,WH007,Road,CAR08,1046,"?3,337.98",Delivered
SHP001004,POL001004,2025-09-07,2025-09-20,Lucknow,WH007,Road,CAR06,1046,"?29,729.07",Delivered
SHP001005,POL001005,2025-09-11,2025-09-11,Kolkata,WH004,Rail,CAR08,1841,"?19,492.17",Delivered
SHP001006,POL001006,2025-09-11,2025-09-21,Kolkata,WH004,Rail,CAR03,1841,"?8,526.59",Delivered
SHP001007,POL001007,2025-09-11,2025-09-17,Kolkata,WH004,Rail,CAR03,1841,"?42,992.38",Delivered
SHP001008,POL001008,2025-09-09,2025-09-15,Kolkata,WH004,Rail,CAR08,1841,"?51,414.53",Delivered
SHP001009,POL001009,2025-09-16,2025-09-18,Hyderabad,WH007,Road,CAR02,1394,"?5,867.51",Delivered
SHP001010,POL001010,2025-09-17,2025-09-18,Hyderabad,WH007,Air,CAR01,1394,"?57,030.60",Delivered
SHP001011,POL001011,2025-09-18,2025-09-26,Hyderabad,WH007,Air,CAR06,1394,"?227,170.55",Delivered
SHP001012,POL001012,2025-09-06,2025-09-12,Hyderabad,WH008,Road,CAR05,596,"?3,814.99",Delivered
SHP001013,POL001013,2025-09-08,2025-09-13,Hyderabad,WH008,Air,CAR01,596,"?65,062.21",Delivered
SHP001014,POL001014,2025-09-21,2025-10-03,Rajkot,WH009,Road,CAR02,234,?900.00,Delivered
SHP001015,POL001015,2025-09-18,2025-09-26,Rajkot,WH009,Air,CAR06,234,"?1,332.62",Delivered
SHP001016,POL001016,2025-09-19,2025-09-25,Rajkot,WH009,Road,CAR02,234,"?2,320.64",Delivered
SHP001017,POL001017,2025-09-12,2025-09-24,Indore,WH007,Road,CAR05,1514,"?8,064.27",Delivered
SHP001018,POL001018,2025-09-12,2025-09-20,Indore,WH007,Rail,CAR08,1514,"?5,035.08",Delivered
SHP001019,POL001019,2025-09-09,2025-09-15,Indore,WH007,Road,CAR03,1514,"?2,076.73",Delivered
SHP001020,POL001020,2025-09-28,2025-10-10,Coimbatore,WH006,Road,CAR05,504,"?3,302.02",Delivered
SHP001021,POL001021,2025-09-28,2025-10-08,Coimbatore,WH006,Air,CAR06,504,"?4,507.95",Delivered
SHP001022,POL001022,2025-09-08,2025-09-14,Indore,WH004,Road,CAR08,1297,"?14,820.04",Delivered
SHP001023,POL001023,2025-09-10,2025-09-19,Indore,WH004,Road,CAR05,1297,"?6,797.55",Delivered
SHP001024,POL001024,2025-09-29,2025-09-29,Mumbai,WH010,Road,CAR02,1409,"?44,707.63",Delivered
SHP001025,POL001025,2025-09-26,2025-10-03,Mumbai,WH010,Rail,CAR08,1409,"?6,521.89",Delivered
SHP001026,POL001026,2025-09-22,2025-09-28,Vadodara,WH007,Rail,CAR08,1840,"?17,694.03",Delivered
SHP001027,POL001027,2025-09-22,2025-09-25,Vadodara,WH007,Rail,CAR07,1840,"?16,859.93",Delivered
SHP001028,POL001028,2025-09-19,2025-09-29,Vadodara,WH007,Road,CAR06,1840,"?16,375.32",Delivered
SHP001029,POL001029,2025-09-19,2025-09-25,Vadodara,WH007,Air,CAR06,1840,"?73,238.26",Delivered
SHP001030,POL001030,2025-09-16,2025-09-28,Bengaluru,WH002,Road,CAR08,997,"?17,182.07",Delivered
SHP001031,POL001031,2025-09-19,2025-09-26,Bengaluru,WH002,Road,CAR03,997,"?31,453.34",Delivered
SHP001032,POL001032,2025-09-16,2025-09-21,Bengaluru,WH002,Road,CAR05,997,"?3,995.31",Delivered
SHP001033,POL001033,2025-09-18,2025-09-30,Bengaluru,WH002,Road,CAR03,997,"?5,570.90",Delivered
SHP001034,POL001034,2025-09-26,2025-09-30,Noida,WH002,Rail,CAR07,1353,"?9,173.90",Delivered
SHP001035,POL001035,2025-09-26,2025-10-05,Noida,WH002,Air,CAR01,1353,"?1,629.28",Delivered
SHP001036,POL001036,2025-10-24,2025-11-02,Ahmedabad,WH009,Road,CAR08,80,?900.00,Delivered
SHP001037,POL001037,2025-10-24,2025-10-29,Ahmedabad,WH009,Road,CAR08,80,?900.00,Delivered
SHP001038,POL001038,2025-10-20,2025-10-31,Delhi,WH008,Road,CAR02,1384,"?5,307.75",Delivered
SHP001039,POL001039,2025-10-19,2025-10-30,Delhi,WH008,Road,CAR03,1384,"?2,340.53",Delivered
SHP001040,POL001040,2025-10-18,2025-10-30,Delhi,WH008,Road,CAR08,1384,"?6,083.51",Delivered
SHP001041,POL001041,2025-10-20,2025-10-28,Delhi,WH008,Rail,CAR07,1384,"?8,018.52",Delivered
SHP001042,POL001042,2025-10-24,2025-11-04,Chennai,WH007,Rail,CAR08,1602,"?4,946.41",Delivered
SHP001043,POL001043,2025-10-26,2025-11-05,Chennai,WH007,Road,CAR04,1602,"?4,694.50",Delivered
SHP001044,POL001044,2025-10-22,2025-11-01,Indore,WH007,Rail,CAR07,1514,"?17,436.34",Delivered
SHP001045,POL001045,2025-10-24,2025-10-30,Indore,WH007,Air,CAR01,1514,"?45,325.53",Delivered
SHP001046,POL001046,2025-10-22,2025-10-30,Indore,WH007,Air,CAR01,1514,"?222,261.86",Delivered
SHP001047,POL001047,2025-10-22,2025-10-30,Indore,WH007,Rail,CAR08,1514,"?3,268.93",Delivered
SHP001048,POL001048,2025-10-02,2025-10-14,Hyderabad,WH007,Rail,CAR07,1394,"?1,046.15",Delivered
SHP001049,POL001049,2025-10-05,2025-10-14,Hyderabad,WH007,Rail,CAR08,1394,"?5,818.33",Delivered
SHP001050,POL001050,2025-10-21,,Kochi,WH008,Rail,CAR08,1167,?0.00,Cancelled
SHP001051,POL001051,2025-10-19,2025-11-07,Kochi,WH008,Rail,CAR08,1167,"?1,955.24",Delivered
SHP001052,POL001052,2025-10-19,2025-10-29,Kochi,WH008,Rail,CAR07,1167,?900.00,Delivered
SHP001053,POL001053,2025-10-20,2025-10-25,Kochi,WH008,Road,CAR03,1167,"?3,321.17",Delivered
SHP001054,POL001054,2025-10-03,2025-10-09,Indore,WH007,Air,CAR01,1514,"?14,077.57",Delivered
SHP001055,POL001055,2025-10-03,2025-10-06,Indore,WH007,Air,CAR06,1514,"?39,757.70",Delivered
SHP001056,POL001056,2025-10-03,2025-10-10,Vadodara,WH002,Road,CAR05,425,"?4,890.08",Delivered
SHP001057,POL001057,2025-10-03,2025-10-13,Vadodara,WH002,Road,CAR05,425,"?1,513.97",Delivered
SHP001058,POL001058,2025-10-06,2025-10-07,Vadodara,WH002,Air,CAR01,425,"?31,203.74",Delivered
SHP001059,POL001059,2025-10-05,2025-10-15,Vadodara,WH002,Road,CAR05,425,"?1,790.10",Delivered
SHP001060,POL001060,2025-10-20,2025-10-31,Hyderabad,WH008,Road,CAR06,596,?919.48,Delivered
SHP001061,POL001061,2025-10-20,2025-10-28,Hyderabad,WH008,Road,CAR08,596,?900.00,Delivered
SHP001062,POL001062,2025-10-12,2025-10-21,Lucknow,WH008,Rail,CAR03,1388,"?4,388.02",Delivered
SHP001063,POL001063,2025-10-09,2025-10-20,Lucknow,WH008,Road,CAR02,1388,?900.00,Delivered
SHP001064,POL001064,2025-10-23,2025-11-01,Hyderabad,WH009,Road,CAR04,1037,"?17,085.75",Delivered
SHP001065,POL001065,2025-10-25,2025-11-01,Hyderabad,WH009,Rail,CAR03,1037,"?2,885.73",Delivered
SHP001066,POL001066,2025-10-21,2025-10-26,Hyderabad,WH003,Air,CAR01,1481,"?80,529.82",Delivered
SHP001067,POL001067,2025-10-20,2025-10-27,Hyderabad,WH003,Air,CAR06,1481,"?179,495.25",Delivered
SHP001068,POL001068,2025-10-19,2025-10-28,Hyderabad,WH003,Road,CAR05,1481,"?10,629.50",Delivered
SHP001069,POL001069,2025-10-22,2025-10-28,Hyderabad,WH003,Rail,CAR07,1481,"?26,574.42",Delivered
SHP001070,POL001070,2025-10-12,2025-10-28,Mumbai,WH004,Road,CAR08,997,"?2,913.71",Delivered
SHP001071,POL001071,2025-10-13,2025-10-19,Mumbai,WH004,Road,CAR08,997,"?37,782.75",Delivered
SHP001072,POL001072,2025-10-12,2025-10-21,Mumbai,WH004,Rail,CAR07,997,?900.00,Delivered
SHP001073,POL001073,2025-10-11,2025-10-19,Kochi,WH003,Rail,CAR07,2454,?900.00,Delivered
SHP001074,POL001074,2025-10-13,2025-10-21,Kochi,WH003,Road,CAR04,2454,"?34,821.74",Delivered
SHP001075,POL001075,2025-10-12,2025-10-20,Kochi,WH003,Rail,CAR08,2454,"?10,075.46",Delivered
SHP001076,POL001076,2025-10-26,2025-10-31,Vadodara,WH004,Road,CAR05,1343,"?10,614.85",Delivered
SHP001077,POL001077,2025-10-28,2025-11-03,Vadodara,WH004,Road,CAR05,1343,"?5,611.46",Delivered
SHP001078,POL001078,2025-10-26,2025-11-02,Vadodara,WH004,Road,CAR08,1343,"?46,435.84",Delivered
SHP001079,POL001079,2025-10-27,2025-11-06,Mumbai,WH001,Road,CAR08,601,"?5,354.39",Delivered
SHP001080,POL001080,2025-10-25,2025-11-01,Mumbai,WH001,Rail,CAR08,601,?900.00,Delivered
SHP001081,POL001081,2025-10-06,2025-10-20,Mumbai,WH006,Road,CAR05,1219,"?26,221.94",Delivered
SHP001082,POL001082,2025-10-06,2025-10-18,Mumbai,WH006,Road,CAR03,1219,"?1,276.36",Delivered
SHP001083,POL001083,2025-10-22,2025-10-30,Ludhiana,WH003,Road,CAR05,337,"?7,465.14",Delivered
SHP001084,POL001084,2025-10-22,,Ludhiana,WH003,Road,CAR03,337,?0.00,Cancelled
SHP001085,POL001085,2025-10-22,2025-10-26,Ludhiana,WH003,Road,CAR05,337,"?7,825.07",Delivered
SHP001086,POL001086,2025-10-05,2025-10-15,Surat,WH009,Rail,CAR07,245,?972.28,Delivered
SHP001087,POL001087,2025-10-05,2025-10-19,Surat,WH009,Road,CAR06,245,?984.31,Delivered
SHP001088,POL001088,2025-10-04,2025-10-21,Surat,WH009,AIR,CAR01,245,"?2,288.39",Delivered
SHP001089,POL001089,2025-10-03,2025-10-14,Surat,WH009,Rail,CAR08,245,"?4,055.44",Delivered
SHP001090,POL001090,2025-10-11,2025-10-21,Surat,WH006,Road,CAR04,1412,"?4,726.10",Delivered
SHP001091,POL001091,2025-10-10,2025-10-19,Surat,WH006,Road,CAR03,1412,"?15,147.45",Delivered
SHP001092,POL001092,2025-10-13,2025-10-20,Surat,WH006,Road,CAR08,1412,"?4,329.67",Delivered
SHP001093,POL001093,2025-10-11,2025-10-21,Surat,WH006,Rail,CAR07,1412,?900.00,Delivered
SHP001094,POL001094,2025-10-13,2025-10-22,Indore,WH008,Rail,CAR07,603,"?2,082.63",Delivered
SHP001095,POL001095,2025-10-14,2025-10-24,Indore,WH008,Air,CAR01,603,"?8,178.27",Delivered
SHP001096,POL001096,2025-10-21,2025-10-30,Indore,WH010,Road,CAR04,812,"?9,351.76",Delivered
SHP001097,POL001097,2025-10-21,2025-10-27,Indore,WH010,Rail,CAR07,812,?900.00,Delivered
SHP001098,POL001098,2025-10-21,2025-11-03,Indore,WH010,Road,CAR08,812,"?6,281.66",Delivered
SHP001099,POL001099,2025-10-26,2025-10-26,Gurugram,WH004,Road,CAR06,2033,"?3,760.87",Delivered
SHP001100,POL001100,2025-10-24,2025-11-03,Gurugram,WH004,Air,CAR01,2033,"?30,288.85",Delivered
SHP001101,POL001101,2025-10-23,2025-11-04,Gurugram,WH004,Rail,CAR07,2033,"?6,114.78",Delivered
SHP001102,POL001102,2025-10-24,2025-11-05,Gurugram,WH004,Road,CAR06,2033,"?6,407.76",Delivered
SHP001103,POL001103,2025-10-24,2025-10-27,Surat,WH010,Air,CAR01,1224,"?61,387.32",Delivered
SHP001104,POL001104,2025-10-24,2025-10-26,Surat,WH010,Road,CAR03,1224,?900.00,Delivered
SHP001105,POL001105,2025-10-24,2025-10-25,Surat,WH010,Road,CAR08,1224,"?2,982.25",Delivered
SHP001106,POL001106,2025-10-22,2025-11-01,Surat,WH010,Road,CAR02,1224,"?15,435.91",Delivered
SHP001107,POL001107,2025-10-20,2025-10-25,Pune,WH002,air,CAR01,141,"?7,986.71",Delivered
SHP001108,POL001108,2025-10-18,2025-11-06,Pune,WH002,Road,CAR06,141,?900.00,Delivered
SHP001109,POL001109,2025-10-13,2025-10-17,Hyderabad,WH005,Road,CAR05,80,?900.00,Delivered
SHP001110,POL001110,2025-10-13,2025-10-20,Hyderabad,WH005,Air,CAR06,80,?953.73,Delivered
SHP001111,POL001111,2025-10-23,2025-11-11,Indore,WH005,road,CAR08,771,"?2,912.71",Delivered
SHP001112,POL001112,2025-10-23,2025-11-03,Indore,WH005,Rail,CAR03,771,?900.00,Delivered
SHP001113,POL001113,2025-10-12,2025-10-12,Ludhiana,WH002,Road,CAR03,1591,"?3,027.84",Delivered
SHP001114,POL001114,2025-10-09,2025-10-19,Ludhiana,WH002,Road,CAR04,1591,"?10,178.36",Delivered
SHP001115,POL001115,2025-10-10,2025-10-25,Ludhiana,WH002,Road,CAR03,1591,"?4,806.42",Delivered
SHP001116,POL001116,2025-10-27,2025-11-02,Surat,WH001,Road,CAR06,420,"?1,149.28",Delivered
SHP001117,POL001117,2025-10-27,2025-11-02,Surat,WH001,Road,CAR08,420,"?2,647.84",Delivered
SHP001118,POL001118,2025-10-27,2025-11-05,Surat,WH001,Road,CAR02,420,"?16,210.15",Delivered
SHP001119,POL001119,2025-10-08,2025-10-16,Delhi,WH007,Air,CAR06,1538,"?48,173.57",Delivered
SHP001120,POL001120,2025-10-08,2025-10-16,Delhi,WH007,Road,CAR08,1538,"?10,792.11",Delivered
SHP001121,POL001121,2025-10-11,2025-10-19,Delhi,WH007,Rail,CAR07,1538,"?8,596.47",Delivered
SHP001122,POL001122,2025-10-21,2025-10-29,Vadodara,WH008,Road,CAR04,503,"?1,084.86",Delivered
SHP001123,POL001123,2025-10-21,2025-10-29,Vadodara,WH008,Road,CAR03,503,"?6,976.24",Delivered
SHP001124,POL001124,2025-10-21,2025-11-01,Vadodara,WH008,Road,CAR08,503,"?1,269.55",Delivered
SHP001125,POL001125,2025-10-22,2025-10-29,Vadodara,WH008,Air,CAR01,503,"?35,669.68",Delivered
SHP001126,POL001126,2025-10-07,2025-10-12,Ahmedabad,WH010,Road,CAR08,1115,"?49,449.27",Delivered
SHP001127,POL001127,2025-10-08,2025-10-15,Ahmedabad,WH010,Road,CAR06,1115,"?31,759.09",Delivered
SHP001128,POL001128,2025-10-13,2025-10-18,Hyderabad,WH009,Air,CAR01,1037,"?237,358.72",Delivered
SHP001129,POL001129,2025-10-13,2025-10-22,Hyderabad,WH009,Air,CAR06,1037,"?31,253.94",Delivered
SHP001130,POL001130,2025-10-14,2025-10-24,Hyderabad,WH009,AIR,CAR01,1037,"?178,140.84",Delivered
SHP001131,POL001131,2025-10-11,2025-10-22,Mumbai,WH003,Road,CAR06,1354,"?14,564.36",Delivered
SHP001132,POL001132,2025-10-13,2025-10-15,Mumbai,WH003,Rail,CAR07,1354,?907.05,Delivered
SHP001133,POL001133,2025-10-22,2025-10-25,Indore,WH010,Road,CAR05,812,"?1,117.15",Delivered
SHP001134,POL001134,2025-10-24,2025-11-01,Indore,WH010,Rail,CAR08,812,?900.00,Delivered
SHP001135,POL001135,2025-10-19,2025-10-25,Ahmedabad,WH002,Road,CAR08,519,"?12,762.20",Delivered
SHP001136,POL001136,2025-10-18,2025-10-21,Ahmedabad,WH002,Road,CAR02,519,"?1,736.12",Delivered
SHP001137,POL001137,2025-10-18,2025-10-31,Ahmedabad,WH002,Road,CAR02,519,"?4,856.47",Delivered
SHP001138,POL001138,2025-10-18,2025-10-30,Ahmedabad,WH002,Rail,CAR07,519,"?9,857.66",Delivered
SHP001139,POL001139,2025-10-24,2025-11-04,Hyderabad,WH006,Air,CAR01,607,"?92,650.95",Delivered
SHP001140,POL001140,2025-10-23,2025-10-31,Hyderabad,WH006,Road,CAR08,607,"?6,456.61",Delivered
SHP001141,POL001141,2025-10-25,2025-11-03,Vadodara,WH009,Road,CAR05,119,?900.00,Delivered
SHP001142,POL001142,2025-10-27,2025-11-03,Vadodara,WH009,Road,CAR06,119,?900.00,Delivered
SHP001143,POL001143,2025-10-26,2025-11-04,Vadodara,WH009,Road,CAR04,119,?900.00,Delivered
SHP001144,POL001144,2025-10-24,2025-10-30,Vadodara,WH009,Road,CAR04,119,?900.00,Delivered
SHP001145,POL001145,2025-10-12,2025-10-18,Coimbatore,WH007,Rail,CAR07,2083,"?7,803.10",Delivered
SHP001146,POL001146,2025-10-14,2025-10-22,Coimbatore,WH007,Road,CAR05,2083,"?3,486.04",Delivered
SHP001147,POL001147,2025-10-07,2025-10-14,Hyderabad,WH004,Road,CAR02,589,"?14,410.59",Delivered
SHP001148,POL001148,2025-10-06,2025-10-15,Hyderabad,WH004,Road,CAR08,589,"?7,244.52",Delivered
SHP001149,POL001149,2025-10-06,,Hyderabad,WH004,Road,CAR04,589,?0.00,Cancelled
SHP001150,POL001150,2025-11-24,2025-12-06,Jaipur,WH001,Road,CAR04,550,"?1,071.58",Delivered
SHP001151,POL001151,2025-11-27,2025-12-05,Jaipur,WH001,Rail,CAR03,550,"?1,796.64",Delivered
SHP001152,POL001152,2025-11-27,2025-12-15,Jaipur,WH001,Rail,CAR08,550,"?1,647.99",Delivered
SHP001153,POL001153,2025-11-10,2025-11-23,Vadodara,WH008,Road,CAR02,503,?900.00,Delivered
SHP001154,POL001154,2025-11-12,2025-11-17,Vadodara,WH008,Road,CAR08,503,"?12,533.63",Delivered
SHP001155,POL001155,2025-11-26,2025-12-03,Indore,WH006,Road,CAR02,1378,?900.00,Delivered
SHP001156,POL001156,2025-11-29,,Indore,WH006,Rail,CAR03,1378,?0.00,Cancelled
SHP001157,POL001157,2025-11-20,2025-11-25,Kochi,WH007,Road,CAR08,2249,"?1,304.09",Delivered
SHP001158,POL001158,2025-11-20,2025-11-21,Kochi,WH007,Air,CAR01,2249,"?35,187.76",Delivered
SHP001159,POL001159,2025-11-18,2025-11-28,Kochi,WH007,Rail,CAR03,2249,"?25,051.43",Delivered
SHP001160,POL001160,2025-11-07,2025-11-06,Surat,WH010,Rail,CAR07,1224,"?2,117.12",Delivered
SHP001161,POL001161,2025-11-07,2025-11-09,Surat,WH010,Rail,CAR03,1224,"?23,022.23",Delivered
SHP001162,POL001162,2025-11-06,2025-11-11,Surat,WH010,Road,CAR05,1224,"?26,286.42",Delivered
SHP001163,POL001163,2025-11-09,2025-11-26,Kochi,WH005,Road,CAR08,1018,"?1,613.76",Delivered
SHP001164,POL001164,2025-11-10,2025-11-20,Kochi,WH005,Road,CAR08,1018,?900.00,Delivered
SHP001165,POL001165,2025-11-14,2025-11-25,Rajkot,WH007,Road,CAR03,2128,"?50,802.99",Delivered
SHP001166,POL001166,2025-11-14,2025-11-19,Rajkot,WH007,Road,CAR06,2128,"?53,045.22",Delivered
SHP001167,POL001167,2025-11-15,2025-11-20,Rajkot,WH007,Rail,CAR07,2128,"?14,818.34",Delivered
SHP001168,POL001168,2025-11-24,2025-12-01,Mumbai,WH010,Air,CAR01,1409,"?52,654.56",Delivered
SHP001169,POL001169,2025-11-26,2025-12-05,Mumbai,WH010,Rail,CAR07,1409,"?11,286.86",Delivered
SHP001170,POL001170,2025-11-24,2025-11-30,Mumbai,WH010,Road,CAR05,1409,"?2,739.64",Delivered
SHP001171,POL001171,2025-11-13,2025-11-26,Pune,WH008,Rail,CAR08,80,?900.00,Delivered
SHP001172,POL001172,2025-11-11,2025-11-22,Pune,WH008,ROAD,CAR08,80,"?1,859.93",Delivered
SHP001173,POL001173,2025-11-12,2025-11-17,Pune,WH008,Road,CAR06,80,"?2,478.70",Delivered
SHP001174,POL001174,2025-11-18,2025-11-26,Kolkata,WH005,Rail,CAR08,1394,"?1,249.48",Delivered
SHP001175,POL001175,2025-11-19,,Kolkata,WH005,Rail,CAR08,1394,?0.00,Cancelled
SHP001176,POL001176,2025-11-18,2025-11-27,Kolkata,WH005,Road,CAR03,1394,"?1,253.88",Delivered
SHP001177,POL001177,2025-11-19,2025-11-30,Kolkata,WH003,Rail,CAR07,1538,"?1,817.89",Delivered
SHP001178,POL001178,2025-11-19,2025-12-05,Kolkata,WH003,Rail,CAR08,1538,"?8,741.72",Delivered
SHP001179,POL001179,2025-11-21,2025-11-30,Kolkata,WH003,Rail,CAR07,1538,"?16,393.77",Delivered
SHP001180,POL001180,2025-11-22,2025-11-26,Kolkata,WH003,Road,CAR06,1538,"?17,703.23",Delivered
SHP001181,POL001181,2025-11-17,,Gurugram,WH004,Road,CAR03,2033,?0.00,Cancelled
SHP001182,POL001182,2025-11-17,2025-11-29,Gurugram,WH004,Rail,CAR07,2033,?965.83,Delivered
SHP001183,POL001183,2025-11-27,2025-12-06,Kolkata,WH003,Road,CAR05,1538,"?5,594.93",Delivered
SHP001184,POL001184,2025-11-26,2025-12-11,Kolkata,WH003,Road,CAR06,1538,"?9,690.77",Delivered
SHP001185,POL001185,2025-11-06,2025-11-08,Bhopal,WH007,Rail,CAR07,1326,"?21,184.47",Delivered
SHP001186,POL001186,2025-11-03,2025-11-12,Bhopal,WH007,Rail,CAR07,1326,"?26,250.51",Delivered
SHP001187,POL001187,2025-11-26,2025-11-29,Kolkata,WH002,Rail,CAR07,1952,"?3,686.85",Delivered
SHP001188,POL001188,2025-11-25,2025-12-02,Kolkata,WH002,Air,CAR06,1952,"?12,731.18",Delivered
SHP001189,POL001189,2025-11-26,2025-12-03,Kolkata,WH002,Road,CAR04,1952,"?12,716.23",Delivered
SHP001190,POL001190,2025-11-04,2025-11-15,Kochi,WH008,Road,CAR03,1167,"?14,741.71",Delivered
SHP001191,POL001191,2025-11-05,2025-11-16,Kochi,WH008,Road,CAR04,1167,"?19,730.45",Delivered
SHP001192,POL001192,2025-11-03,2025-11-11,Hyderabad,WH003,Road,CAR08,1481,"?3,742.78",Delivered
SHP001193,POL001193,2025-11-05,2025-11-10,Hyderabad,WH003,Rail,CAR08,1481,"?1,829.81",Delivered
SHP001194,POL001194,2025-11-06,2025-11-09,Hyderabad,WH005,Road,CAR08,80,?900.00,Delivered
SHP001195,POL001195,2025-11-08,2025-11-16,Hyderabad,WH005,Road,CAR02,80,"?1,921.61",Delivered
SHP001196,POL001196,2025-11-05,2025-11-16,Hyderabad,WH005,road,CAR05,80,"?3,039.33",Delivered
SHP001197,POL001197,2025-11-15,2025-11-19,Hyderabad,WH003,Road,CAR06,1481,"?64,617.71",Delivered
SHP001198,POL001198,2025-11-12,,Hyderabad,WH003,Air,CAR06,1481,?0.00,Cancelled
SHP001199,POL001199,2025-11-13,2025-11-17,Hyderabad,WH003,Air,CAR06,1481,"?12,217.31",Delivered
SHP001200,POL001200,2025-11-15,2025-11-21,Hyderabad,WH003,Rail,CAR07,1481,"?31,611.84",Delivered
SHP001201,POL001201,2025-11-14,2025-11-25,Coimbatore,WH002,Road,CAR02,1176,"?1,591.83",Delivered
SHP001202,POL001202,2025-11-14,2025-11-18,Coimbatore,WH002,Road,CAR02,1176,"?1,380.15",Delivered
SHP001203,POL001203,2025-11-18,2025-11-29,Ahmedabad,WH001,Road,CAR08,399,"?4,839.92",Delivered
SHP001204,POL001204,2025-11-19,2025-12-01,Ahmedabad,WH001,Road,CAR05,399,"?3,652.18",Delivered
SHP001205,POL001205,2025-11-18,2025-11-29,Ahmedabad,WH001,Rail,CAR07,399,"?4,389.45",Delivered
SHP001206,POL001206,2025-11-11,2025-11-12,Kochi,WH003,Road,CAR04,2454,"?36,236.92",Delivered
SHP001207,POL001207,2025-11-12,2025-11-15,Kochi,WH003,Rail,CAR08,2454,"?19,364.12",Delivered
SHP001208,POL001208,2025-11-10,2025-11-15,Kochi,WH003,Rail,CAR03,2454,"?16,058.16",Delivered
SHP001209,POL001209,2025-11-21,2025-12-02,Lucknow,WH003,Road,CAR03,492,"?8,208.56",Delivered
SHP001210,POL001210,2025-11-21,2025-11-27,Lucknow,WH003,Road,CAR02,492,"?2,890.48",Delivered
SHP001211,POL001211,2025-11-04,2025-11-11,Noida,WH007,Road,CAR05,1515,"?15,895.47",Delivered
SHP001212,POL001212,2025-11-05,2025-11-12,Noida,WH007,Road,CAR04,1515,"?20,474.75",Delivered
SHP001213,POL001213,2025-11-12,2025-11-17,Surat,WH010,Road,CAR06,1224,"?6,645.82",Delivered
SHP001214,POL001214,2025-11-11,2025-11-17,Surat,WH010,Air,CAR06,1224,"?2,551.97",Delivered
SHP001215,POL001215,2025-11-12,2025-11-22,Surat,WH010,Road,CAR06,1224,"?25,224.77",Delivered
SHP001216,POL001216,2025-11-09,2025-11-17,Surat,WH010,Road,CAR04,1224,"?3,023.52",Delivered
SHP001217,POL001217,2025-11-06,2025-11-15,Surat,WH007,Rail,CAR08,1899,"?15,355.37",Delivered
SHP001218,POL001218,2025-11-07,2025-11-13,Surat,WH007,Air,CAR06,1899,"?47,600.21",Delivered
SHP001219,POL001219,2025-11-05,2025-11-18,Surat,WH007,Road,CAR04,1899,"?4,613.09",Delivered
SHP001220,POL001220,2025-11-20,2025-11-24,Rajkot,WH002,Rail,CAR08,494,?999.57,Delivered
SHP001221,POL001221,2025-11-19,2025-12-09,Rajkot,WH002,Road,CAR05,494,?900.00,Delivered
SHP001222,POL001222,2025-11-22,2025-11-29,Rajkot,WH002,Road,CAR02,494,"?1,439.44",Delivered
SHP001223,POL001223,2025-11-05,2025-11-17,Kolkata,WH009,Rail,CAR07,1910,"?23,652.13",Delivered
SHP001224,POL001224,2025-11-06,2025-11-15,Kolkata,WH009,Road,CAR02,1910,"?3,063.26",Delivered
SHP001225,POL001225,2025-11-17,2025-12-04,Kochi,WH005,Road,CAR08,1018,"?7,521.05",Delivered
SHP001226,POL001226,2025-11-17,2025-11-24,Kochi,WH005,Road,CAR08,1018,"?8,016.24",Delivered
SHP001227,POL001227,2025-11-14,2025-11-27,Kochi,WH005,Road,CAR08,1018,?900.00,Delivered
SHP001228,POL001228,2025-11-27,2025-12-12,Hyderabad,WH002,Road,CAR04,733,?953.01,Delivered
SHP001229,POL001229,2025-11-26,2025-12-02,Hyderabad,WH002,Road,CAR08,733,"?17,074.09",Delivered
SHP001230,POL001230,2025-11-27,2025-11-29,Hyderabad,WH002,Air,CAR06,733,"?32,741.12",Delivered
SHP001231,POL001231,2025-11-24,2025-12-02,Hyderabad,WH002,Rail,CAR07,733,"?1,886.85",Delivered
SHP001232,POL001232,2025-11-12,2025-11-19,Mumbai,WH007,Road,CAR08,1952,"?6,134.75",Delivered
SHP001233,POL001233,2025-11-09,2025-11-15,Mumbai,WH007,Rail,CAR03,1952,"?1,894.31",Delivered
SHP001234,POL001234,2025-11-09,2025-11-28,Mumbai,WH007,Road,CAR06,1952,"?69,814.16",Delivered
SHP001235,POL001235,2025-11-12,2025-11-23,Mumbai,WH007,Road,CAR04,1952,"?16,707.76",Delivered
SHP001236,POL001236,2025-11-18,2025-12-03,Jaipur,WH004,Rail,CAR07,1842,"?2,821.74",Delivered
SHP001237,POL001237,2025-11-18,2025-11-26,Jaipur,WH004,RAIL,CAR07,1842,"?3,119.48",Delivered
SHP001238,POL001238,2025-11-19,2025-11-30,Jaipur,WH004,Rail,CAR07,1842,"?26,384.12",Delivered
SHP001239,POL001239,2025-11-05,2025-11-14,Rajkot,WH010,Rail,CAR08,1348,"?8,145.13",Delivered
SHP001240,POL001240,2025-11-05,2025-11-09,Rajkot,WH010,Road,CAR04,1348,?900.00,Delivered
SHP001241,POL001241,2025-11-23,2025-12-02,Kolkata,WH004,Road,CAR04,1841,"?26,750.37",Delivered
SHP001242,POL001242,2025-11-25,2025-12-06,Kolkata,WH004,Road,CAR05,1841,"?1,367.05",Delivered
SHP001243,POL001243,2025-11-24,2025-11-30,Kolkata,WH004,Rail,CAR03,1841,"?19,043.94",Delivered
SHP001244,POL001244,2025-11-21,2025-11-29,Indore,WH008,Air,CAR01,603,"?52,304.99",Delivered
SHP001245,POL001245,2025-11-22,2025-11-27,Indore,WH008,Rail,CAR07,603,"?2,112.57",Delivered
SHP001246,POL001246,2025-11-20,2025-11-28,Indore,WH008,Road,CAR08,603,"?8,339.19",Delivered
SHP001247,POL001247,2025-11-22,2025-11-26,Indore,WH008,Road,CAR03,603,"?2,333.63",Delivered
SHP001248,POL001248,2025-11-09,2025-11-19,Lucknow,WH004,Road,CAR06,1866,"?10,343.22",Delivered
SHP001249,POL001249,2025-11-08,2025-11-21,Lucknow,WH004,Rail,CAR03,1866,"?6,083.46",Delivered
SHP001250,POL001250,2025-11-07,2025-11-20,Lucknow,WH004,Air,CAR06,1866,"?101,200.11",Delivered
SHP001251,POL001251,2025-11-19,2025-12-05,Coimbatore,WH010,Rail,CAR07,2134,"?54,246.28",Delivered
SHP001252,POL001252,2025-11-17,2025-11-27,Coimbatore,WH010,Air,CAR06,2134,"?154,635.19",Delivered
SHP001253,POL001253,2025-11-20,2025-11-28,Indore,WH009,Road,CAR02,399,"?6,029.29",Delivered
SHP001254,POL001254,2025-11-20,2025-11-22,Indore,WH009,Air,CAR06,399,"?34,824.63",Delivered
SHP001255,POL001255,2025-11-20,2025-12-03,Indore,WH009,Road,CAR04,399,"?4,632.21",Delivered
SHP001256,POL001256,2025-11-19,2025-11-20,Noida,WH006,Rail,CAR08,2057,"?4,978.66",Delivered
SHP001257,POL001257,2025-11-19,2025-11-27,Noida,WH006,Road,CAR04,2057,"?28,205.04",Delivered
SHP001258,POL001258,2025-11-17,2025-11-25,Noida,WH006,Road,CAR08,2057,"?22,925.17",Delivered
SHP001259,POL001259,2025-11-09,2025-11-17,Kochi,WH003,Road,CAR06,2454,"?2,251.71",Delivered
SHP001260,POL001260,2025-11-07,2025-11-11,Kochi,WH003,Road,CAR08,2454,"?2,580.09",Delivered
SHP001261,POL001261,2025-12-22,2025-12-28,Hyderabad,WH002,Rail,CAR08,733,"?7,947.43",Delivered
SHP001262,POL001262,2025-12-23,2025-12-26,Hyderabad,WH002,Road,CAR05,733,"?13,648.76",Delivered
SHP001263,POL001263,2025-12-22,2025-12-27,Hyderabad,WH002,Rail,CAR07,733,"?2,936.06",Delivered
SHP001264,POL001264,2025-12-24,2025-12-31,Hyderabad,WH002,Rail,CAR07,733,?900.00,Delivered
SHP001265,POL001265,2025-12-06,2025-12-16,Coimbatore,WH004,Road,CAR03,269,"?4,316.99",Delivered
SHP001266,POL001266,2025-12-04,2025-12-09,Coimbatore,WH004,road,CAR05,269,"?6,149.57",Delivered
SHP001267,POL001267,2025-12-05,2025-12-16,Coimbatore,WH004,Road,CAR02,269,"?10,447.10",Delivered
SHP001268,POL001268,2025-12-04,2025-12-12,Coimbatore,WH004,Road,CAR06,269,"?1,733.85",Delivered
SHP001269,POL001269,2025-12-05,2025-12-24,Kochi,WH010,Rail,CAR07,2293,"?12,170.25",Delivered
SHP001270,POL001270,2025-12-06,2025-12-13,Kochi,WH010,Air,CAR06,2293,"?145,232.80",Delivered
SHP001271,POL001271,2025-12-04,2025-12-08,Surat,WH002,ROAD,CAR02,274,"?3,090.39",Delivered
SHP001272,POL001272,2025-12-03,2025-12-07,Surat,WH002,Road,CAR06,274,"?1,097.70",Delivered
SHP001273,POL001273,2025-12-04,2025-12-10,Surat,WH002,Road,CAR06,274,?900.00,Delivered
SHP001274,POL001274,2025-12-13,2025-12-20,Coimbatore,WH004,Road,CAR04,269,"?2,194.91",Delivered
SHP001275,POL001275,2025-12-11,2025-12-19,Coimbatore,WH004,Road,CAR08,269,"?2,597.37",Delivered
SHP001276,POL001276,2025-12-11,2025-12-13,Coimbatore,WH004,Road,CAR08,269,?900.00,Delivered
SHP001277,POL001277,2025-12-13,2025-12-22,Coimbatore,WH004,Road,CAR03,269,"?1,934.44",Delivered
SHP001278,POL001278,2025-12-22,2025-12-30,Bengaluru,WH007,Rail,CAR03,1841,"?5,091.13",Delivered
SHP001279,POL001279,2025-12-23,2025-12-26,Bengaluru,WH007,Air,CAR01,1841,"?47,378.72",Delivered
SHP001280,POL001280,2025-12-25,2025-12-30,Bengaluru,WH007,Road,CAR02,1841,"?37,033.70",Delivered
SHP001281,POL001281,2025-12-24,2026-01-04,Bengaluru,WH007,Rail,CAR03,1841,"?12,456.64",Delivered
SHP001282,POL001282,2025-12-13,2025-12-24,Noida,WH001,Road,CAR03,784,"?17,637.79",Delivered
SHP001283,POL001283,2025-12-13,2025-12-16,Noida,WH001,Rail,CAR03,784,?942.43,Delivered
SHP001284,POL001284,2025-12-14,2025-12-28,Kochi,WH005,Rail,CAR08,1018,"?9,079.03",Delivered
SHP001285,POL001285,2025-12-13,2025-12-21,Kochi,WH005,Road,CAR05,1018,"?15,631.66",Delivered
SHP001286,POL001286,2025-12-16,2025-12-21,Indore,WH010,Road,CAR04,812,"?11,811.76",Delivered
SHP001287,POL001287,2025-12-15,2025-12-24,Indore,WH010,Road,CAR08,812,"?9,002.78",Delivered
SHP001288,POL001288,2025-12-27,2026-01-05,Kochi,WH006,Road,CAR08,660,"?5,307.79",Delivered
SHP001289,POL001289,2025-12-29,2026-01-02,Kochi,WH006,Road,CAR06,660,?900.00,Delivered
SHP001290,POL001290,2025-12-22,2025-12-29,Bengaluru,WH008,Road,CAR08,867,"?15,125.96",Delivered
SHP001291,POL001291,2025-12-23,2025-12-28,Bengaluru,WH008,Rail,CAR03,867,"?2,103.44",Delivered
SHP001292,POL001292,2025-12-20,2025-12-25,Bengaluru,WH008,Road,CAR03,867,"?3,216.88",Delivered
SHP001293,POL001293,2025-12-21,2025-12-23,Bengaluru,WH008,Road,CAR02,867,"?9,605.18",Delivered
SHP001294,POL001294,2025-12-06,2025-12-23,Delhi,WH004,Air,CAR06,2052,"?18,469.48",Delivered
SHP001295,POL001295,2025-12-05,2025-12-13,Delhi,WH004,Rail,CAR08,2052,?900.00,Delivered
SHP001296,POL001296,2025-12-06,2025-12-10,Delhi,WH004,Road,CAR02,2052,"?39,009.83",Delivered
SHP001297,POL001297,2025-12-08,,Delhi,WH004,Rail,CAR08,2052,?0.00,Cancelled
SHP001298,POL001298,2025-12-26,2026-01-05,Hyderabad,WH005,Road,CAR08,80,?900.00,Delivered
SHP001299,POL001299,2025-12-29,2026-01-04,Hyderabad,WH005,Air,CAR06,80,"?1,292.76",Delivered
SHP001300,POL001300,2025-12-07,2025-12-09,Gurugram,WH002,Road,CAR06,1327,"?2,949.44",Delivered
SHP001301,POL001301,2025-12-06,2025-12-09,Gurugram,WH002,Road,CAR05,1327,"?3,975.13",Delivered
SHP001302,POL001302,2025-12-06,2025-12-10,Gurugram,WH002,Road,CAR08,1327,"?3,934.88",Delivered
SHP001303,POL001303,2025-12-28,2026-01-15,Coimbatore,WH009,Air,CAR01,1668,"?6,505.90",Delivered
SHP001304,POL001304,2025-12-25,2026-01-11,Coimbatore,WH009,Road,CAR03,1668,"?26,936.48",Delivered
SHP001305,POL001305,2025-12-28,2026-01-02,Coimbatore,WH009,Road,CAR04,1668,"?15,996.76",Delivered
SHP001306,POL001306,2025-12-28,,Coimbatore,WH009,Road,CAR06,1668,?0.00,Cancelled
SHP001307,POL001307,2025-12-05,2025-12-19,Pune,WH008,Road,CAR08,80,?900.00,Delivered
SHP001308,POL001308,2025-12-05,2025-12-14,Pune,WH008,Road,CAR06,80,?900.00,Delivered
SHP001309,POL001309,2025-12-05,,Pune,WH008,Road,CAR08,80,?900.00,In transit
SHP001310,POL001310,2025-12-20,2025-12-23,Delhi,WH003,Road,CAR08,80,?900.00,Delivered
SHP001311,POL001311,2025-12-20,2025-12-28,Delhi,WH003,Air,CAR06,80,?900.00,Delivered
SHP001312,POL001312,2025-12-19,2025-12-20,Lucknow,WH008,Rail,CAR07,1388,"?6,855.73",Delivered
SHP001313,POL001313,2025-12-19,2025-12-27,Lucknow,WH008,Road,CAR06,1388,"?1,931.96",Delivered
SHP001314,POL001314,2025-12-20,2026-01-03,Kochi,WH001,Road,CAR04,1678,"?19,956.44",Delivered
SHP001315,POL001315,2025-12-21,,Kochi,WH001,Road,CAR05,1678,?0.00,Cancelled
SHP001316,POL001316,2025-12-20,2026-01-08,Kochi,WH001,Rail,CAR08,1678,"?11,554.96",Delivered
SHP001317,POL001317,2025-12-25,2025-12-29,Jaipur,WH009,Road,CAR08,637,?901.92,Delivered
SHP001318,POL001318,2025-12-25,2026-01-03,Jaipur,WH009,Air,CAR06,637,"?40,786.50",Delivered
SHP001319,POL001319,2025-12-23,2026-01-02,Jaipur,WH009,Road,CAR02,637,"?10,408.83",Delivered
SHP001320,POL001320,2025-12-23,2026-01-02,Jaipur,WH009,Road,CAR02,637,"?13,175.20",Delivered
SHP001321,POL001321,2025-12-20,2025-12-22,Vadodara,WH007,Rail,CAR08,1840,"?25,669.32",Delivered
SHP001322,POL001322,2025-12-17,2025-12-28,Vadodara,WH007,Road,CAR08,1840,"?60,430.95",Delivered
SHP001323,POL001323,2025-12-09,2025-12-14,Gurugram,WH003,Road,CAR08,80,?900.00,Delivered
SHP001324,POL001324,2025-12-09,2025-12-17,Gurugram,WH003,Road,CAR06,80,?900.00,Delivered
SHP001325,POL001325,2025-12-07,2025-12-18,Gurugram,WH003,Rail,CAR07,80,?900.00,Delivered
SHP001326,POL001326,2025-12-25,2026-01-08,Gurugram,WH005,Rail,CAR07,1463,"?1,704.48",Delivered
SHP001327,POL001327,2025-12-27,,Gurugram,WH005,Road,CAR08,1463,"?23,704.81",In Transit
SHP001328,POL001328,2025-12-12,,Coimbatore,WH009,Road,CAR03,1668,"?4,729.78",In transit
SHP001329,POL001329,2025-12-14,2025-12-22,Coimbatore,WH009,Rail,CAR08,1668,"?19,024.41",Delivered
SHP001330,POL001330,2025-12-12,2025-12-30,Surat,WH001,Road,CAR03,420,"?8,452.64",Delivered
SHP001331,POL001331,2025-12-10,2025-12-21,Surat,WH001,Air,CAR01,420,"?13,281.86",Delivered
SHP001332,POL001332,2025-12-11,2025-12-18,Surat,WH001,Rail,CAR03,420,"?1,736.53",Delivered
SHP001333,POL001333,2025-12-18,2025-12-22,Delhi,WH004,Air,CAR06,2052,"?18,067.58",Delivered
SHP001334,POL001334,2025-12-18,2025-12-25,Delhi,WH004,Road,CAR08,2052,"?6,406.92",Delivered
SHP001335,POL001335,2025-12-11,2025-12-21,Mumbai,WH005,Rail,CAR07,733,?900.00,Delivered
SHP001336,POL001336,2025-12-13,2025-12-13,Mumbai,WH005,Air,CAR01,733,"?102,406.55",Delivered
SHP001337,POL001337,2025-12-09,2025-12-25,Rajkot,WH006,Air,CAR01,1691,"?8,948.77",Delivered
SHP001338,POL001338,2025-12-09,,Rajkot,WH006,Air,CAR06,1691,"?43,762.23",In transit
SHP001339,POL001339,2025-12-14,2025-12-21,Mumbai,WH007,Air,CAR01,1952,"?170,950.69",Delivered
SHP001340,POL001340,2025-12-11,2025-12-14,Mumbai,WH007,Road,CAR04,1952,"?50,558.21",Delivered
SHP001341,POL001341,2025-12-14,2025-12-15,Mumbai,WH007,Road,CAR06,1952,"?19,352.40",Delivered
SHP001342,POL001342,2025-12-08,2025-12-18,Hyderabad,WH002,Road,CAR06,733,"?2,795.76",Delivered
SHP001343,POL001343,2025-12-10,2025-12-24,Hyderabad,WH002,Road,CAR08,733,"?5,859.24",Delivered
SHP001344,POL001344,2025-12-08,2025-12-19,Hyderabad,WH002,Road,CAR03,733,"?19,208.35",Delivered
SHP001345,POL001345,2025-12-11,,Hyderabad,WH002,Air,CAR06,733,?0.00,Cancelled
SHP001346,POL001346,2025-12-21,2026-01-03,Bhopal,WH008,Rail,CAR08,759,"?15,844.20",Delivered
SHP001347,POL001347,2025-12-24,2025-12-27,Bhopal,WH008,Road,CAR02,759,"?5,776.93",Delivered
SHP001348,POL001348,2025-12-24,2025-12-27,Bhopal,WH008,Air,CAR06,759,"?127,327.93",Delivered
SHP001349,POL001349,2025-12-12,2025-12-14,Surat,WH006,Rail,CAR03,1412,"?41,283.61",Delivered
SHP001350,POL001350,2025-12-13,2025-12-18,Surat,WH006,Air,CAR01,1412,"?33,662.73",Delivered
SHP001351,POL001351,2025-12-13,2025-12-22,Surat,WH006,Road,CAR08,1412,"?18,866.04",Delivered
SHP001352,POL001352,2025-12-09,2025-12-19,Pune,WH006,Road,CAR05,1078,"?9,831.77",Delivered
SHP001353,POL001353,2025-12-10,2025-12-15,Pune,WH006,Road,CAR08,1078,"?22,532.00",Delivered
SHP001354,POL001354,2025-12-09,2025-12-14,Pune,WH006,Rail,CAR03,1078,"?5,266.79",Delivered
SHP001355,POL001355,2025-12-11,2025-12-13,Pune,WH006,Road,CAR06,1078,"?22,364.58",Delivered
SHP001356,POL001356,2025-12-16,,Gurugram,WH006,Road,CAR03,2056,"?6,975.02",In Transit
SHP001357,POL001357,2025-12-15,2025-12-26,Gurugram,WH006,Air,CAR06,2056,"?49,919.83",Delivered
SHP001358,POL001358,2025-12-08,2025-12-17,Bhopal,WH005,Road,CAR03,782,"?2,651.24",Delivered
SHP001359,POL001359,2025-12-10,,Bhopal,WH005,Rail,CAR08,782,"?2,088.88",In transit
SHP001360,POL001360,2025-12-28,2026-01-04,Surat,WH008,Road,CAR02,369,"?3,923.87",Delivered
SHP001361,POL001361,2025-12-28,2025-12-30,Surat,WH008,Road,CAR06,369,"?3,651.72",Delivered
SHP001362,POL001362,2025-12-27,2026-01-06,Surat,WH008,Air,CAR06,369,"?12,401.66",Delivered
SHP001363,POL001363,2025-12-26,2026-01-06,Surat,WH008,road,CAR06,369,"?9,814.97",Delivered
SHP001364,POL001364,2025-12-24,2025-12-30,Ahmedabad,WH002,Air,CAR01,519,"?5,355.77",Delivered
SHP001365,POL001365,2025-12-26,2026-01-03,Ahmedabad,WH002,Rail,CAR08,519,"?2,716.58",Delivered
SHP001366,POL001366,2025-12-19,2026-01-02,Surat,WH009,Rail,CAR08,245,?900.00,Delivered
SHP001367,POL001367,2025-12-19,2025-12-30,Surat,WH009,Road,CAR06,245,"?6,311.41",Delivered
SHP001368,POL001368,2025-12-21,2025-12-21,Surat,WH009,Road,CAR04,245,?900.00,Delivered
SHP001369,POL001369,2025-12-10,2025-12-22,Kolkata,WH010,Road,CAR04,1046,"?8,222.24",Delivered
SHP001370,POL001370,2025-12-12,2025-12-27,Kolkata,WH010,Rail,CAR07,1046,"?8,280.02",Delivered
SHP001371,POL001371,2025-12-09,2025-12-16,Kolkata,WH010,Rail,CAR08,1046,?900.00,Delivered
SHP001372,POL001372,2025-12-09,2025-12-14,Kolkata,WH010,Road,CAR04,1046,"?6,596.97",Delivered
SHP001373,POL001373,2025-12-08,2025-12-18,Indore,WH007,Air,CAR06,1514,"?176,979.99",Delivered
SHP001374,POL001374,2025-12-07,2025-12-13,Indore,WH007,Rail,CAR03,1514,"?13,600.25",Delivered
SHP001375,POL001375,2025-12-09,2025-12-18,Indore,WH007,Air,CAR06,1514,"?25,042.35",Delivered
